2012.06.19,00:00,99.52500,100.47300,99.16600,100.22700,105846
2012.06.20,00:00,100.22700,101.39500,99.81500,100.71200,113076
2012.06.21,00:00,100.71200,101.61600,100.36200,100.44700,132686
2012.06.22,00:00,100.44700,101.21500,100.43900,101.05700,106541
2012.06.24,00:00,100.85400,101.09200,100.85400,101.01100,3269
2012.06.25,00:00,101.01100,101.01100,99.14600,99.58000,90355
2012.06.26,00:00,99.58000,99.87400,98.73200,99.19400,107972
2012.06.27,00:00,99.19400,99.60100,99.05300,99.33400,90880
2012.06.28,00:00,99.33700,99.46000,98.31500,98.65000,104560
2012.06.29,00:00,98.64800,101.38300,98.52200,101.00100,134551
2012.07.01,00:00,101.20500,101.28500,100.99200,101.02100,5837
2012.07.02,00:00,101.02100,101.04800,99.74800,99.93300,94624
2012.07.03,00:00,99.93300,100.82300,99.90300,100.63700,83328
2012.07.04,00:00,100.63900,100.64400,99.78000,100.04900,61143
2012.07.05,00:00,100.04900,100.32800,98.77500,98.96300,102551
2012.07.06,00:00,98.96300,99.09300,97.62400,97.86400,91236
2012.07.08,00:00,97.65300,97.84200,97.46200,97.53200,5627
2012.07.09,00:00,97.52900,98.12300,97.49900,97.98600,73902
2012.07.10,00:00,97.98800,98.00800,97.20700,97.23800,70018
2012.07.11,00:00,97.23600,97.72500,96.98300,97.45900,79024
2012.07.12,00:00,97.45900,97.84900,96.40800,96.66800,92668
2012.07.13,00:00,96.66600,97.08800,96.42400,96.97600,79688
2012.07.15,00:00,97.19800,97.20400,96.90700,96.95400,2895
2012.07.16,00:00,96.95200,96.97300,96.15700,96.68700,62391
2012.07.17,00:00,96.68300,97.36800,96.39100,97.21600,85527
2012.07.18,00:00,97.21600,97.29400,96.45500,96.73300,78856
2012.07.19,00:00,96.73500,96.81300,96.11700,96.64900,86231
2012.07.20,00:00,96.64400,96.66100,95.33100,95.35500,77767
2012.07.22,00:00,95.05900,95.25700,94.98900,95.14700,5662
2012.07.23,00:00,95.14700,95.21800,94.22100,94.90300,96120
2012.07.24,00:00,94.90300,95.00400,94.11200,94.21900,100023
2012.07.25,00:00,94.21900,95.20200,94.13200,94.81400,110160
2012.07.26,00:00,94.81400,96.42500,94.65800,96.15500,114244
2012.07.27,00:00,96.15600,97.32800,95.64100,96.65500,115370
2012.07.29,00:00,96.46900,96.65600,96.46700,96.57200,3660
2012.07.30,00:00,96.57200,96.61600,95.52900,95.78000,92750
2012.07.31,00:00,95.78000,96.27900,95.75800,96.03500,103207
2012.08.01,00:00,96.03600,96.45500,95.69100,95.92700,93193
2012.08.02,00:00,95.92600,96.96800,94.92200,95.26400,115418
2012.08.03,00:00,95.26300,97.39500,95.02200,97.18800,102783
2012.08.05,00:00,97.45500,97.79400,97.24400,97.69200,5958
2012.08.06,00:00,97.69000,97.69500,96.69200,96.88600,86452
2012.08.07,00:00,96.88600,97.81000,96.82800,97.34800,93483
2012.08.08,00:00,97.34700,97.41700,96.57400,97.01200,94611
2012.08.09,00:00,97.01300,97.27900,96.32300,96.60600,100259
2012.08.10,00:00,96.60500,96.69500,95.71200,96.15600,80058
2012.08.12,00:00,96.12800,96.21400,96.04800,96.05600,1961
2012.08.13,00:00,96.05500,96.90900,95.93500,96.56200,78006
2012.08.14,00:00,96.56100,97.46400,96.54000,97.13900,84283
2012.08.15,00:00,97.14000,97.42000,96.52700,97.08400,82607
2012.08.16,00:00,97.08300,98.17500,97.07100,97.94300,98441
2012.08.17,00:00,97.94700,98.40500,97.71900,98.10100,83214
2012.08.19,00:00,98.16500,98.20700,97.99600,98.07200,3633
2012.08.20,00:00,98.07200,98.34900,97.73000,97.99400,82187
2012.08.21,00:00,97.99300,99.17800,97.95700,98.86300,91160
2012.08.22,00:00,98.87700,99.01700,98.14700,98.44100,95380
2012.08.23,00:00,98.43800,98.81100,98.27100,98.70400,105241
2012.08.24,00:00,98.70600,98.82800,97.97000,98.45400,90740
2012.08.26,00:00,98.41900,98.60900,98.38500,98.47400,3178
2012.08.27,00:00,98.47600,98.71000,98.31200,98.45100,61681
2012.08.28,00:00,98.45000,98.82500,97.88500,98.77600,88720
2012.08.29,00:00,98.77100,98.82300,98.38000,98.64800,75543
2012.08.30,00:00,98.64900,98.78300,98.03100,98.24400,76288
2012.08.31,00:00,98.24700,99.02400,97.98100,98.54100,97117
2012.09.02,00:00,98.30100,98.59500,98.30100,98.45100,2192
2012.09.03,00:00,98.45400,98.69000,98.21800,98.59800,61294
2012.09.04,00:00,98.60000,99.01300,98.27800,98.36100,85464
2012.09.05,00:00,98.36000,98.91000,97.98200,98.81300,94517
2012.09.06,00:00,98.81200,99.80200,98.77900,99.64400,108612
2012.09.07,00:00,99.64100,100.42900,99.59800,100.28400,113431
2012.09.09,00:00,100.17000,100.26700,99.77700,100.09800,2927
2012.09.10,00:00,100.10300,100.22800,99.82000,99.83900,76973
2012.09.11,00:00,99.83900,100.23900,99.51800,99.93400,97569
2012.09.12,00:00,99.93400,100.64200,99.75600,100.40800,111589
2012.09.13,00:00,100.40700,100.90000,99.49400,100.89200,114159
2012.09.14,00:00,100.89000,103.01700,100.74100,102.90900,124032
2012.09.16,00:00,102.74900,102.93900,102.65700,102.73100,3853
2012.09.17,00:00,102.73100,103.85300,102.57100,103.12400,99635
2012.09.18,00:00,103.12300,103.21400,102.39600,102.75900,107175
2012.09.19,00:00,102.75900,103.63400,102.10300,102.36000,125299
2012.09.20,00:00,102.36100,102.39300,100.93300,101.46400,123126
2012.09.21,00:00,101.46500,102.09700,101.25100,101.45300,109203
2012.09.23,00:00,101.45600,101.57100,101.23400,101.30600,18835
2012.09.24,00:00,101.30500,101.41000,100.35700,100.76900,345776
2012.09.25,00:00,100.77000,101.04700,100.16100,100.27500,358705
2012.09.26,00:00,100.27600,100.47000,99.71200,100.04900,346190
2012.09.27,00:00,100.05000,100.35700,99.63900,100.22000,367490
2012.09.28,00:00,100.22000,100.67300,99.92200,100.13200,356866
2012.09.30,00:00,100.14800,100.22100,99.81800,99.84500,21978
2012.10.01,00:00,99.84500,101.02900,99.78600,100.58600,339095
2012.10.02,00:00,100.58800,101.19500,100.48100,100.99100,346113
2012.10.03,00:00,100.99000,101.47000,100.71600,101.37400,332457
2012.10.04,00:00,101.37300,102.25100,101.30500,102.16900,341924
2012.10.05,00:00,102.16800,102.80000,101.85900,102.52400,309185
2012.10.07,00:00,102.45900,102.50400,102.39300,102.44200,15204
2012.10.08,00:00,102.44300,102.44700,101.12100,101.58500,288410
2012.10.09,00:00,101.58500,101.84300,100.46300,100.60600,341993
2012.10.10,00:00,100.60700,101.16300,100.27500,100.39600,337216
2012.10.11,00:00,100.39500,101.71000,100.14600,101.39900,104858
2012.10.12,00:00,101.39700,101.91200,101.23600,101.59500,83856
2012.10.14,00:00,101.60500,101.65100,101.46400,101.49600,3638
2012.10.15,00:00,101.49500,102.28100,101.02800,102.17100,94243
2012.10.16,00:00,102.17000,103.51700,102.04800,103.34700,111762
2012.10.17,00:00,103.57400,103.74300,103.52700,103.66300,8370
2012.10.18,00:00,103.66500,104.14000,103.29700,103.56900,103190
2012.10.19,00:00,103.66500,103.75900,103.12700,103.27600,75004
2012.10.21,00:00,103.17800,103.26700,103.12400,103.20300,5630
2012.10.22,00:00,103.20400,104.58100,103.13100,104.53500,119995
2012.10.23,00:00,104.53500,104.53500,103.26900,103.54800,128371
2012.10.24,00:00,103.54900,103.81200,102.97300,103.51300,134153
2012.10.25,00:00,103.51500,104.41400,103.50400,103.79100,141777
2012.10.26,00:00,103.79100,103.92200,102.67700,103.05700,149919
2012.10.28,00:00,102.98400,103.08300,102.88800,102.91600,5922
2012.10.29,00:00,102.91400,103.15200,102.51600,102.95900,92565
2012.10.30,00:00,102.95700,103.39000,102.16700,103.26800,91898
2012.10.31,00:00,103.26800,103.92600,103.06500,103.52900,89617
2012.11.01,00:00,103.52900,103.98900,103.32900,103.84500,89739
2012.11.02,00:00,103.81500,103.83300,103.04400,103.31400,140250
2012.11.04,00:00,103.06800,103.30200,103.06800,103.23200,5093
2012.11.05,00:00,103.23100,103.33400,102.43500,102.59800,126378
2012.11.06,00:00,102.59900,103.14400,102.17400,102.80400,126310
2012.11.07,00:00,102.80400,103.40800,101.79300,102.02100,207488
2012.11.08,00:00,102.02000,102.12900,101.02300,101.27500,169939
2012.11.09,00:00,101.27500,101.73900,100.41900,101.02000,164277
2012.11.11,00:00,100.98300,101.21700,100.94400,101.07900,5252
2012.11.12,00:00,101.07900,101.28100,100.86500,101.14200,90036
2012.11.13,00:00,101.14300,101.24300,100.31700,100.98500,143201
2012.11.14,00:00,100.98500,102.38900,100.87500,102.24000,110443
2012.11.15,00:00,103.74200,103.75600,103.65900,103.68200,5036
2012.11.16,00:00,103.68100,103.88600,103.04000,103.59300,151056
2012.11.18,00:00,103.71700,104.05500,103.60200,104.05000,7781
2012.11.19,00:00,104.05200,104.32200,103.50900,103.87000,144703
2012.11.20,00:00,103.87000,104.77700,103.66200,104.71600,151428
2012.11.21,00:00,104.71700,106.25800,104.08900,106.21900,98651
2012.11.22,00:00,106.21900,106.57600,105.71300,106.03400,78208
2012.11.23,00:00,106.03400,106.97100,105.71500,106.88400,73116
2012.11.25,00:00,106.80100,107.10000,106.78200,107.09800,5319
2012.11.26,00:00,107.10100,107.12500,106.07900,106.34400,93423
2012.11.27,00:00,106.34400,106.95400,106.11200,106.19900,158604
2012.11.28,00:00,106.19700,106.45600,105.27400,106.39200,177963
2012.11.29,00:00,106.39500,106.80700,106.14600,106.54900,158183
2012.11.30,00:00,106.54900,107.66400,106.43300,107.07400,171361
2012.12.02,00:00,107.02300,107.21900,106.92700,107.17700,6898
2012.12.03,00:00,107.17700,107.57700,106.84700,107.31300,149067
2012.12.04,00:00,107.31300,107.38900,106.92000,107.19300,148700
2012.12.05,00:00,107.19300,107.95500,107.12900,107.76200,163350
2012.12.06,00:00,107.76200,107.88500,106.60200,106.86100,151891
2012.12.07,00:00,106.86000,107.07300,106.11400,106.64200,138839
2012.12.09,00:00,106.35700,106.62500,106.33600,106.55600,9356
2012.12.10,00:00,106.55800,106.63900,105.96900,106.54600,119165
2012.12.11,00:00,106.54600,107.44600,106.47100,107.37700,117632
2012.12.12,00:00,107.37700,109.03300,107.25600,108.72600,152867
2012.12.13,00:00,108.72700,109.53300,108.63000,109.41600,164382
2012.12.14,00:00,109.41600,109.97600,109.04200,109.86300,154613
2012.12.16,00:00,111.04400,111.16200,110.53600,110.78500,17079
2012.12.17,00:00,110.78600,110.79500,109.92200,110.44400,150051
2012.12.18,00:00,110.44400,111.61500,110.36500,111.58600,141460
2012.12.19,00:00,111.58500,112.49400,110.79500,111.29300,170882
2012.12.20,00:00,111.29500,112.14300,110.72300,111.75300,170827
2012.12.21,00:00,111.75300,111.77200,110.61900,111.04500,186633
2012.12.23,00:00,111.02300,111.36000,111.02300,111.25900,5942
2012.12.24,00:00,111.25900,111.99700,111.11700,111.75600,75887
2012.12.25,00:00,111.75700,112.08400,111.75300,112.05100,2412
2012.12.26,00:00,112.40400,113.38400,112.27600,113.36200,95217
2012.12.27,00:00,113.36300,114.68800,113.29800,114.60300,161241
2012.12.28,00:00,114.60300,114.67300,113.29000,113.63600,139002
2012.12.30,00:00,113.14700,113.76200,113.14700,113.70500,7618
2012.12.31,00:00,113.70500,114.27200,113.44200,114.23100,100917
2013.01.01,00:00,114.53600,114.76100,114.22600,114.30500,7245
2013.01.02,00:00,115.56600,115.95800,114.55900,115.05700,163401
2013.01.03,00:00,115.05600,115.10100,113.64500,114.24100,184969
2013.01.04,00:00,114.24100,115.40300,114.09900,115.15900,198793
2013.01.06,00:00,115.18500,115.53200,115.18500,115.27200,6556
2013.01.07,00:00,115.27000,115.27200,114.10700,114.51300,157885
2013.01.08,00:00,114.51300,115.24300,113.53600,113.71000,174848
2013.01.09,00:00,113.70800,115.11900,113.68200,115.01400,178663
2013.01.10,00:00,115.01700,118.58100,114.81300,118.51800,248038
2013.01.11,00:00,118.51800,119.34300,117.62400,118.98000,215119
2013.01.13,00:00,119.20200,119.83500,119.15500,119.55000,9613
2013.01.14,00:00,119.55000,120.11700,118.87700,119.65100,162231
2013.01.15,00:00,119.64900,119.97600,117.59500,118.12600,254994
2013.01.16,00:00,118.12600,118.18400,116.46100,117.79300,262905
2013.01.17,00:00,117.79300,120.60000,117.00300,120.11500,284293
2013.01.18,00:00,120.11500,120.70500,119.33400,119.95000,223456
2013.01.20,00:00,120.03000,120.22600,119.94600,120.09300,6134
2013.01.21,00:00,120.09100,120.09300,118.87700,119.28900,138643
2013.01.22,00:00,119.28900,120.15500,117.31500,117.83600,259489
2013.01.23,00:00,117.83800,118.33500,117.04500,117.86100,212545
2013.01.24,00:00,117.86100,121.30400,117.57300,121.02600,254980
2013.01.25,00:00,121.02600,122.76900,120.65500,122.22300,283176
2013.01.27,00:00,122.55000,122.90000,122.46100,122.77200,6293
2013.01.28,00:00,122.77200,122.77200,121.54500,121.61800,302262
2013.01.29,00:00,121.61800,122.57000,121.21300,122.43800,235044
2013.01.30,00:00,122.43600,123.86000,122.39700,123.47500,230258
2013.01.31,00:00,123.47500,124.93000,122.97500,124.83000,220234
2013.02.01,00:00,124.83100,126.96400,124.66400,126.61700,316728
2013.02.03,00:00,126.63800,126.82600,126.55800,126.56300,14228
2013.02.04,00:00,126.56200,126.70300,124.16700,124.50900,262069
2013.02.05,00:00,124.50900,127.40100,124.01100,127.10800,330394
2013.02.06,00:00,127.10800,127.70400,125.91600,126.32900,396509
2013.02.07,00:00,126.32700,127.46800,124.49000,125.28000,389895
2013.02.08,00:00,125.28100,125.56500,123.42400,123.84300,429117
2013.02.10,00:00,123.90400,123.91100,123.49000,123.69900,12350
2013.02.11,00:00,123.69900,126.63100,123.60100,126.22600,311612
2013.02.12,00:00,126.22400,126.94200,124.99200,125.52300,211877
2013.02.13,00:00,125.52400,126.55500,124.76100,125.34400,202393
2013.02.14,00:00,125.34400,125.96000,123.80400,124.07300,208826
2013.02.15,00:00,124.07200,125.27100,122.88900,124.90400,219576
2013.02.17,00:00,125.41000,125.42500,124.99700,125.06300,11819
2013.02.18,00:00,125.06300,125.89100,124.87500,124.95200,258456
2013.02.19,00:00,124.95300,125.66300,124.54900,125.51900,326645
2013.02.20,00:00,125.51900,125.89300,124.16300,124.33000,341683
2013.02.21,00:00,124.33100,124.70300,122.24600,122.87700,407247
2013.02.22,00:00,122.87700,123.76800,122.55400,123.17100,349793
2013.02.24,00:00,124.62800,124.63500,124.12400,124.30700,25349
2013.02.25,00:00,124.31100,125.21100,118.71600,120.67800,484955
2013.02.26,00:00,120.67800,121.35600,118.96300,120.35800,386023
2013.02.27,00:00,120.36200,121.52500,119.20600,121.44300,411982
2013.02.28,00:00,121.44200,121.81900,120.51800,120.90600,287573
2013.03.01,00:00,120.90700,122.17100,120.34800,121.82900,343267
2013.03.03,00:00,121.74600,121.97900,121.40700,121.74800,11419
2013.03.04,00:00,121.74600,121.97300,121.11600,121.75100,284903
2013.03.05,00:00,121.75100,121.86800,121.12900,121.70700,277686
2013.03.06,00:00,121.70700,122.27200,121.48200,121.89800,282459
2013.03.07,00:00,121.89700,124.65200,121.83900,124.38700,323753
2013.03.08,00:00,124.38700,125.92300,123.79700,124.79500,331927
2013.03.10,00:00,124.69600,125.02300,124.67700,124.91900,20935
2013.03.11,00:00,124.91800,126.02600,124.63400,125.93300,291309
2013.03.12,00:00,125.93200,125.97700,124.38000,124.87300,313477
2013.03.13,00:00,124.87300,125.21900,124.17400,124.42900,265502
2013.03.14,00:00,124.43000,125.23600,124.04800,124.83700,253748
2013.03.15,00:00,124.83800,125.78700,124.20100,124.56000,229148
2013.03.17,00:00,122.33000,122.69000,122.20300,122.32400,10996
2013.03.18,00:00,122.32500,123.94900,121.63000,123.42400,258670
2013.03.19,00:00,123.42500,124.12500,121.82100,122.27800,265071
2013.03.20,00:00,122.27800,124.49400,122.02500,124.12800,232426
2013.03.21,00:00,124.12900,124.37100,122.01900,122.46900,278810
2013.03.22,00:00,122.46600,123.45900,121.43000,122.70200,243383
2013.03.24,00:00,122.18800,123.74300,122.18800,123.47600,23905
2013.03.25,00:00,123.47600,123.84500,120.07200,120.77600,267997
2013.03.26,00:00,120.77600,121.81500,120.72000,121.68600,244756
2013.03.27,00:00,121.68600,121.86400,119.94200,120.47700,229958
2013.03.28,00:00,120.47900,120.93900,119.74400,120.65700,224350
2013.03.29,00:00,120.65700,120.82800,120.27900,120.67300,50204
2013.03.31,00:00,120.68800,120.86300,120.62600,120.70700,7812
2013.04.01,00:00,120.70700,120.80200,119.49300,119.71900,164542
2013.04.02,00:00,119.71900,120.14600,119.13600,119.65300,212727
2013.04.03,00:00,119.65000,120.17500,119.10500,119.31600,196527
2013.04.04,00:00,119.31700,124.68200,119.14500,124.62700,335158
2013.04.05,00:00,124.63100,127.28100,123.85800,126.72500,329218
2013.04.07,00:00,127.60400,128.42500,127.39300,128.33400,35436
2013.04.08,00:00,128.33200,129.75000,127.70400,129.41700,277941
2013.04.09,00:00,129.41700,130.09300,128.42700,129.46100,262572
2013.04.10,00:00,129.46000,130.53500,129.44200,130.10300,230629
2013.04.11,00:00,130.10200,131.11800,129.69600,130.67300,257305
2013.04.12,00:00,130.67400,130.75500,128.59100,128.96700,262754
2013.04.14,00:00,128.82700,129.21700,128.73300,128.92400,31871
2013.04.15,00:00,128.92600,129.31500,124.88400,126.35800,403290
2013.04.16,00:00,126.35800,129.02300,125.99700,128.63700,433914
2013.04.17,00:00,128.63700,129.73700,126.42800,127.80400,381263
2013.04.18,00:00,127.80600,128.79000,127.14500,128.19300,309869
2013.04.19,00:00,128.19300,130.24800,128.05100,129.82300,276885
2013.04.21,00:00,130.40000,130.48500,130.22800,130.32400,15116
2013.04.22,00:00,130.32400,130.66000,128.90300,129.54000,263964
2013.04.23,00:00,129.54000,129.67300,127.85500,129.48500,305316
2013.04.24,00:00,129.48300,129.78900,128.79700,129.40700,245999
2013.04.25,00:00,129.40800,129.89700,129.01700,129.17000,243242
2013.04.26,00:00,129.17000,129.37400,127.14100,127.73000,324936
2013.04.28,00:00,127.82200,127.94600,127.48800,127.61700,19628
2013.04.29,00:00,127.61700,128.58800,127.04700,128.16300,226512
2013.04.30,00:00,128.16200,128.51500,127.20000,128.08400,274670
2013.05.01,00:00,128.08400,128.92100,127.84800,128.02100,200954
2013.05.02,00:00,128.01800,129.91300,127.49800,127.96300,191496
2013.05.03,00:00,127.96200,130.33100,127.94300,129.79200,174158
2013.05.05,00:00,130.09900,130.13800,129.93700,130.04000,6954
2013.05.06,00:00,130.03900,130.40100,129.60300,129.88500,127155
2013.05.07,00:00,129.88500,130.36100,128.96100,129.16000,203769
2013.05.08,00:00,129.15900,130.41500,129.14400,130.12400,201794
2013.05.09,00:00,130.12400,131.76000,129.58400,131.39000,251275
2013.05.10,00:00,131.38900,132.25200,131.28500,131.97400,320783
2013.05.12,00:00,132.12700,132.39300,131.96400,132.18000,19168
2013.05.13,00:00,132.18100,132.31400,131.56600,132.04100,236023
2013.05.14,00:00,132.04000,132.76700,131.52500,132.18900,280383
2013.05.15,00:00,132.19000,132.43500,131.17700,131.70600,279365
2013.05.16,00:00,131.70400,132.19800,131.27600,131.57500,270157
2013.05.17,00:00,131.57600,132.53600,131.28100,132.47400,251312
2013.05.19,00:00,132.03800,132.12700,130.87100,131.80000,12827
2013.05.20,00:00,131.80000,132.12200,131.55100,131.67600,248441
2013.05.21,00:00,131.67700,132.40300,131.67000,132.33200,272444
2013.05.22,00:00,132.33300,133.82300,131.95100,132.50500,328685
2013.05.23,00:00,132.50400,132.86500,129.94200,132.35600,451969
2013.05.24,00:00,132.35300,132.55600,130.07800,130.96100,397954
2013.05.26,00:00,130.78100,131.05000,130.62400,130.77300,11300
2013.05.27,00:00,130.77400,130.90000,130.25800,130.77700,128581
2013.05.28,00:00,130.77700,132.13800,130.75400,131.67200,279457
2013.05.29,00:00,131.67200,131.70000,130.37800,130.67800,305395
2013.05.30,00:00,130.67900,131.94400,130.18600,131.85200,322310
2013.05.31,00:00,131.85500,132.06800,130.26400,130.50600,298258
2013.06.02,00:00,130.51500,130.71300,130.46400,130.57400,8081
2013.06.03,00:00,130.57400,130.97800,129.46700,130.35100,258177
2013.06.04,00:00,130.35100,131.39500,129.91600,131.06000,234839
2013.06.05,00:00,131.06100,131.39600,129.41600,129.56900,286752
2013.06.06,00:00,129.56900,130.71900,127.45700,128.92200,348332
2013.06.07,00:00,128.92200,129.17100,126.14300,128.84400,444667
2013.06.09,00:00,129.05100,129.96800,128.94400,129.85900,19332
2013.06.10,00:00,129.85900,131.28300,129.20200,131.06800,292309
2013.06.11,00:00,131.06800,131.14100,127.07500,128.12500,383906
2013.06.12,00:00,128.12500,129.34200,127.00900,127.41100,300172
2013.06.13,00:00,127.41100,128.08700,124.95100,127.67000,425942
2013.06.14,00:00,127.66100,127.66200,125.16300,125.47600,344151
2013.06.16,00:00,125.62500,126.03500,125.53600,125.96400,11181
2013.06.17,00:00,125.96300,126.92700,125.79500,126.36000,234570
2013.06.18,00:00,126.36100,128.11000,126.31000,128.02100,265472
2013.06.19,00:00,128.02100,128.75100,127.04800,128.26600,295207
2013.06.20,00:00,128.26600,129.89900,127.81200,128.31700,404234
2013.06.21,00:00,128.31800,129.68500,127.77900,128.37200,306135
2013.06.23,00:00,128.19400,129.09700,128.16500,128.94200,14479
2013.06.24,00:00,128.94200,129.19900,127.27000,128.21500,316525
2013.06.25,00:00,128.21500,128.66800,127.29000,128.34300,297063
2013.06.26,00:00,128.34300,128.41600,126.55800,127.08200,279332
2013.06.27,00:00,127.08200,128.51100,127.03500,128.39500,239720
2013.06.28,00:00,128.39500,129.64500,128.35300,128.99700,239522
2013.06.30,00:00,129.15500,129.48400,129.06000,129.36400,24496
2013.07.01,00:00,129.36000,130.26200,129.07800,130.17000,223806
2013.07.02,00:00,130.17000,131.11300,129.83200,130.72400,216498
2013.07.03,00:00,130.72400,130.79400,128.63900,129.95300,249224
2013.07.04,00:00,129.94900,130.03900,128.82300,129.23300,190529
2013.07.05,00:00,129.23400,129.87900,128.57500,129.77700,216357
2013.07.07,00:00,129.69300,130.16800,129.66700,130.02800,13608
2013.07.08,00:00,130.02800,130.18200,129.39500,129.80600,188491
2013.07.09,00:00,129.80200,130.55800,128.70200,129.26700,194413
2013.07.10,00:00,129.26700,130.10200,128.00600,129.85400,280353
2013.07.11,00:00,129.85400,130.41700,128.63300,129.32900,290385
2013.07.12,00:00,129.32900,129.94500,128.89700,129.56100,209217
2013.07.14,00:00,129.90300,129.90400,129.45500,129.55800,11187
2013.07.15,00:00,129.55800,130.70900,129.38800,130.50800,234514
2013.07.16,00:00,130.50800,130.81300,129.99300,130.30700,272848
2013.07.17,00:00,130.30700,131.35400,130.28200,130.60300,279997
2013.07.18,00:00,130.60300,131.91400,130.52500,131.82200,261753
2013.07.19,00:00,131.82200,132.22700,131.20600,132.22200,200580
2013.07.21,00:00,131.89600,132.23000,131.56100,132.07700,8513
2013.07.22,00:00,132.07700,132.07700,130.83700,131.01200,182373
2013.07.23,00:00,131.01300,132.01600,130.75300,131.56300,199669
2013.07.24,00:00,131.56400,132.74100,131.36700,132.43600,180129
2013.07.25,00:00,132.43400,132.46000,131.45500,131.74200,187013
2013.07.26,00:00,131.74200,131.87300,130.08200,130.40500,162371
2013.07.28,00:00,130.27500,130.58900,129.96000,130.14200,6474
2013.07.29,00:00,130.14300,130.44200,129.58000,130.03800,165488
2013.07.30,00:00,130.03600,130.51200,129.82000,130.01400,161322
2013.07.31,00:00,130.01800,130.78200,129.32900,130.13500,218239
2013.08.01,00:00,130.13500,131.54200,129.92800,131.34700,184017
2013.08.02,00:00,131.34900,131.96900,131.06900,131.37900,176946
2013.08.04,00:00,131.34700,131.50400,131.27900,131.33900,32879
2013.08.05,00:00,131.33300,131.54600,130.13400,130.25000,259056
2013.08.06,00:00,130.25000,130.72300,129.28700,129.51700,244553
2013.08.07,00:00,129.52000,129.68100,128.44400,128.81400,380650
2013.08.08,00:00,128.81400,129.57700,128.20700,129.45100,352548
2013.08.09,00:00,129.45100,129.70500,128.27700,128.31000,280097
2013.08.11,00:00,128.35800,128.53500,127.95400,128.11400,37772
2013.08.12,00:00,128.11300,129.33900,128.00900,129.17600,269687
2013.08.13,00:00,129.17500,130.46200,129.11300,130.15700,327697
2013.08.14,00:00,130.15800,130.65500,129.65400,129.69300,281181
2013.08.15,00:00,129.68900,130.71200,129.41100,129.59400,364727
2013.08.16,00:00,129.59400,130.42200,129.56800,129.90500,260685
2013.08.18,00:00,130.11800,130.23000,130.00300,130.17700,40647
2013.08.19,00:00,130.17900,131.02800,129.84300,130.13700,263442
2013.08.20,00:00,130.13900,130.78400,129.28000,130.60400,320667
2013.08.21,00:00,130.60200,131.00300,130.24000,130.47000,312473
2013.08.22,00:00,130.47200,132.07200,130.40600,132.04200,313594
2013.08.23,00:00,132.04300,132.41600,131.86700,132.04600,285300
2013.08.25,00:00,131.89300,132.19600,131.88700,132.14000,33518
2013.08.26,00:00,132.14100,132.30300,131.35200,131.46900,197738
2013.08.27,00:00,131.46900,131.57700,129.64700,129.73300,306972
2013.08.28,00:00,129.73300,130.54900,129.70100,130.32600,298977
2013.08.29,00:00,130.32600,130.52900,129.98300,130.12800,295190
2013.08.30,00:00,130.13000,130.32800,129.29500,129.66300,273864
2013.09.01,00:00,129.96400,130.03600,129.76900,129.92700,18936
2013.09.02,00:00,129.92500,131.44200,129.88900,131.32400,224213
2013.09.03,00:00,131.31900,131.47300,130.63300,131.12000,313512
2013.09.04,00:00,131.12000,131.81200,130.79800,131.63600,264007
2013.09.05,00:00,131.63500,132.13900,131.02200,131.33300,293440
2013.09.06,00:00,131.33200,131.34500,129.88800,130.57200,269882
2013.09.08,00:00,131.25900,131.84400,131.09100,131.72400,31746
2013.09.09,00:00,131.72000,132.22000,130.97700,132.18300,236114
2013.09.10,00:00,132.18200,133.30000,131.90800,133.06400,248578
2013.09.11,00:00,133.06700,133.36900,132.76400,132.85800,281478
2013.09.12,00:00,132.85600,132.98900,131.71800,132.40500,265816
2013.09.13,00:00,132.40600,132.63800,131.65200,132.08900,222915
2013.09.15,00:00,132.00800,132.38800,131.67500,132.24700,26902
2013.09.16,00:00,132.24700,132.35400,131.86500,132.13800,179395
2013.09.17,00:00,132.13800,132.63700,132.10000,132.42100,178982
2013.09.18,00:00,132.42100,132.83800,131.85600,132.77400,230429
2013.09.19,00:00,132.77300,134.93900,132.56700,134.50500,269565
2013.09.20,00:00,134.50600,134.72800,134.15600,134.30400,205883
2013.09.22,00:00,134.33900,134.40000,134.18500,134.36800,5587
2013.09.23,00:00,134.36800,134.37500,133.08500,133.26100,184597
2013.09.24,00:00,133.26100,133.99600,132.68900,133.00800,207024
2013.09.25,00:00,133.00600,133.55600,132.68000,133.04000,202615
2013.09.26,00:00,133.04000,133.93000,132.88000,133.40500,243401
2013.09.27,00:00,133.40500,133.52800,132.62100,132.78900,204034
2013.09.29,00:00,131.86600,132.10300,131.72600,131.97400,22282
2013.09.30,00:00,131.97500,133.22100,131.63300,133.03200,237790
2013.10.01,00:00,133.03400,133.47800,132.31400,132.43600,260177
2013.10.02,00:00,132.43500,132.56300,131.40300,132.29500,229548
2013.10.03,00:00,132.29400,133.20400,132.12000,132.47600,241391
2013.10.04,00:00,132.47600,132.68100,131.76300,132.08900,202474
2013.10.06,00:00,131.90000,132.04000,131.81700,131.98500,17538
2013.10.07,00:00,131.97900,131.97900,131.12700,131.30800,154979
2013.10.08,00:00,131.31000,132.03300,131.22000,131.78900,163600
2013.10.09,00:00,131.78800,132.16800,131.24300,131.79800,183656
2013.10.10,00:00,131.79800,132.95700,131.72900,132.86500,172681
2013.10.11,00:00,132.86500,133.59900,132.86300,133.40400,136063
2013.10.13,00:00,133.31800,133.33000,133.03600,133.27400,9335
2013.10.14,00:00,133.27500,133.79600,133.13500,133.70300,84146
2013.10.15,00:00,133.69500,133.71700,132.60500,133.27600,161812
2013.10.16,00:00,133.27100,133.79500,132.95500,133.79500,174304
2013.10.17,00:00,133.79500,134.02700,133.31800,133.93800,190180
2013.10.18,00:00,133.93900,134.17600,133.60200,133.72100,145960
2013.10.20,00:00,133.87500,134.02700,133.77700,134.00100,7420
2013.10.21,00:00,134.00300,134.36800,133.87700,134.25800,153980
2013.10.22,00:00,134.25700,135.50100,134.19300,135.21000,185131
2013.10.23,00:00,135.21100,135.27500,133.59300,134.23400,237159
2013.10.24,00:00,134.23200,134.78200,133.88200,134.41300,220003
2013.10.25,00:00,134.41200,134.51800,133.87700,134.38400,202424
2013.10.27,00:00,134.93600,134.93600,134.56000,134.72400,6057
2013.10.28,00:00,134.72600,134.92900,134.54600,134.60400,154351
2013.10.29,00:00,134.60500,135.16700,134.26200,134.93900,211859
2013.10.30,00:00,134.93900,135.44200,134.75500,135.13100,204822
2013.10.31,00:00,135.13000,135.24200,133.32900,133.51700,257538
2013.11.01,00:00,133.51600,133.58000,132.59800,133.11500,237491
2013.11.03,00:00,133.24000,133.24800,133.02700,133.17000,4335
2013.11.04,00:00,133.16800,133.34200,132.84100,133.30300,155132
2013.11.05,00:00,133.30400,133.30400,132.36200,132.65500,203722
2013.11.06,00:00,132.65600,133.72100,132.53800,133.34900,191792
2013.11.07,00:00,133.34900,133.52400,131.20800,131.62200,281952
2013.11.08,00:00,131.62600,132.52300,131.30200,132.37800,243318
2013.11.10,00:00,132.42900,132.50200,132.31100,132.39800,8159
2013.11.11,00:00,132.39800,133.14800,132.19300,132.93400,161803
2013.11.12,00:00,132.93500,134.00200,132.90100,133.78700,250544
2013.11.13,00:00,133.78800,133.92400,133.22300,133.80700,224890
2013.11.14,00:00,133.80600,134.81300,133.73600,134.75200,270150
2013.11.15,00:00,134.75200,135.30800,134.48600,135.18600,200844
2013.11.17,00:00,135.26700,135.35700,135.20100,135.28800,6881
2013.11.18,00:00,135.28800,135.33400,134.74300,134.82400,201109
2013.11.19,00:00,134.82300,135.93800,134.60700,135.86600,244326
2013.11.20,00:00,135.86700,135.86700,134.10300,134.63100,257264
2013.11.21,00:00,134.63100,136.53600,134.52500,136.44800,273363
2013.11.22,00:00,136.44700,137.33900,136.01100,137.23600,221673
2013.11.24,00:00,137.25100,137.32000,137.20800,137.22600,7129
2013.11.25,00:00,137.22500,137.98300,137.01300,137.20100,204977
2013.11.26,00:00,137.20200,137.67500,137.13500,137.36000,197964
2013.11.27,00:00,137.36000,138.82400,137.35200,138.71300,211425
2013.11.28,00:00,138.71400,139.23700,138.30400,139.15000,149966
2013.11.29,00:00,139.15000,139.70500,138.96000,139.11800,187711
2013.12.01,00:00,139.23500,139.37200,139.13000,139.22600,5770
2013.12.02,00:00,139.22500,139.70200,139.02700,139.39100,186660
2013.12.03,00:00,139.39000,140.02500,138.68400,139.07700,224520
2013.12.04,00:00,139.07700,139.60500,138.42500,139.09300,267172
2013.12.05,00:00,139.09200,139.56800,138.45900,139.04400,267814
2013.12.06,00:00,139.04300,141.03900,139.00000,140.92700,214288
2013.12.08,00:00,141.15500,141.55700,141.11900,141.35900,9503
2013.12.09,00:00,141.35700,141.95500,140.98700,141.85000,177666
2013.12.10,00:00,141.84900,142.16600,141.27100,141.48700,205675
2013.12.11,00:00,141.48700,141.68700,140.90900,141.34000,204643
2013.12.12,00:00,141.33900,142.51700,141.21200,142.41600,238045
2013.12.13,00:00,142.41500,142.82600,141.41800,141.78200,212270
2013.12.15,00:00,141.70300,141.91400,141.60600,141.86300,5808
2013.12.16,00:00,141.86400,142.11900,141.21300,141.78200,193298
2013.12.17,00:00,141.78200,141.95100,140.97700,141.31700,162386
2013.12.18,00:00,141.31500,142.89300,141.31500,142.58300,232350
2013.12.19,00:00,142.58300,142.65800,141.85900,142.41900,221147
2013.12.20,00:00,142.41800,142.73600,142.09900,142.23200,205319
2013.12.22,00:00,142.17200,142.30400,142.13600,142.28900,3876
2013.12.23,00:00,142.28800,142.75500,142.09100,142.68800,120348
2013.12.24,00:00,142.68900,142.87200,142.45400,142.60600,102129
2013.12.25,00:00,142.72300,142.93500,142.72300,142.82800,1618
2013.12.26,00:00,142.83000,143.67400,142.80000,143.65100,88292
2013.12.27,00:00,143.65200,145.68800,143.58900,144.47700,220300
2013.12.29,00:00,144.67500,145.01700,144.63300,144.80500,3629
2013.12.30,00:00,144.80500,145.16700,144.54500,144.86100,148988
2013.12.31,00:00,144.86100,145.16900,144.41200,144.61400,130337
2014.01.01,00:00,144.86800,145.12700,144.75900,144.92300,1801
2014.01.02,00:00,144.90900,145.00800,142.83400,143.25800,189605
2014.01.03,00:00,143.25700,143.30800,141.95400,142.40600,192513
2014.01.05,00:00,142.48800,142.65900,142.45100,142.63100,6901
2014.01.06,00:00,142.63100,142.78400,141.49500,142.04900,232286
2014.01.07,00:00,142.05100,142.59700,141.93700,142.58000,203183
2014.01.08,00:00,142.58000,143.17100,142.12000,142.27400,254807
2014.01.09,00:00,142.27400,143.03200,142.03700,142.63600,253519
2014.01.10,00:00,142.63600,143.04600,142.05300,142.32300,242729
2014.01.12,00:00,142.20300,142.34500,142.10200,142.10300,7407
2014.01.13,00:00,142.10900,142.16000,140.49300,140.94200,232357
2014.01.14,00:00,140.94100,142.62500,140.78200,142.39400,239947
2014.01.15,00:00,142.39400,142.59000,141.79200,142.23900,210184
2014.01.16,00:00,142.23900,142.90900,141.70200,142.00200,220868
2014.01.17,00:00,142.00200,142.16300,140.97200,141.19700,188404
2014.01.19,00:00,141.07100,141.17700,140.99700,141.01200,6424
2014.01.20,00:00,141.01400,141.37500,140.31500,141.20600,148493
2014.01.21,00:00,141.20700,141.85600,141.02800,141.29900,223248
2014.01.22,00:00,141.30000,141.82800,141.04900,141.74000,230411
2014.01.23,00:00,141.73900,142.41200,141.02800,141.51400,331817
2014.01.24,00:00,141.51400,141.76800,139.75600,139.82800,384198
2014.01.26,00:00,139.42400,139.86100,139.12300,139.74100,14563
2014.01.27,00:00,139.74200,140.69400,139.67800,140.39300,343829
2014.01.28,00:00,140.39300,141.25600,140.17000,140.96400,284139
2014.01.29,00:00,140.96300,141.24800,139.03600,139.68900,384121
2014.01.30,00:00,139.69000,139.94200,138.89300,139.28200,342845
2014.01.31,00:00,139.28600,139.49600,137.50300,137.60300,366634
2014.02.02,00:00,137.57400,137.89000,137.56200,137.89000,7420
2014.02.03,00:00,137.88800,138.10400,136.35500,136.82000,314921
2014.02.04,00:00,136.82000,137.53500,136.22600,137.44300,315162
2014.02.05,00:00,137.44300,137.44900,136.54300,137.32100,299346
2014.02.06,00:00,137.32200,138.82300,136.75700,138.69200,265171
2014.02.07,00:00,138.69100,139.59700,138.16300,139.56400,247294
2014.02.09,00:00,139.56200,139.79800,139.50000,139.60000,7095
2014.02.10,00:00,139.60200,139.64300,139.16600,139.36400,200503
2014.02.11,00:00,139.36500,140.30400,139.27500,139.81100,201303
2014.02.12,00:00,139.81100,139.96400,138.66700,139.22500,213380
2014.02.13,00:00,139.22700,139.91600,138.87800,139.73900,178040
2014.02.14,00:00,139.74100,140.06100,138.99000,139.39700,189709
2014.02.16,00:00,139.34900,139.46000,139.11000,139.14500,5033
2014.02.17,00:00,139.14600,139.95000,138.94500,139.88300,134018
2014.02.18,00:00,139.88300,141.03000,139.49400,140.78200,187190
2014.02.19,00:00,140.78300,140.86700,139.99400,140.46400,174043
2014.02.20,00:00,140.46400,140.61900,139.19000,140.38400,198253
2014.02.21,00:00,140.38500,141.26600,140.31200,140.75700,161828
2014.02.23,00:00,140.80100,140.94600,140.79900,140.85600,3080
2014.02.24,00:00,140.85900,141.03800,140.33700,140.78400,170449
2014.02.25,00:00,140.78500,140.96200,140.12800,140.41400,179181
2014.02.26,00:00,140.41400,140.78100,139.64800,139.95900,204352
2014.02.27,00:00,139.95900,140.21800,138.78600,139.95900,229292
2014.02.28,00:00,139.95800,141.11200,139.11300,140.42400,233899
2014.03.02,00:00,139.90200,140.05000,139.45800,139.57800,14667
2014.03.03,00:00,139.57900,139.87800,139.14700,139.30100,245735
2014.03.04,00:00,139.30200,140.57300,139.30100,140.45400,212441
2014.03.05,00:00,140.45200,140.77800,140.19000,140.55500,183852
2014.03.06,00:00,140.55400,142.98900,140.49800,142.87300,195822
2014.03.07,00:00,142.87200,143.78400,142.53100,143.23600,200103
2014.03.09,00:00,143.01800,143.29900,142.94200,143.18300,10431
2014.03.10,00:00,143.18300,143.61800,142.84500,143.28300,188850
2014.03.11,00:00,143.28000,143.43500,142.39000,142.51500,171620
2014.03.12,00:00,142.51400,142.96500,142.23300,142.94100,204998
2014.03.13,00:00,142.94000,143.38000,140.70900,141.11100,248329
2014.03.14,00:00,141.11100,141.50900,140.44600,140.96900,281644
2014.03.16,00:00,140.82600,141.13300,140.82600,140.97900,13123
2014.03.17,00:00,140.97900,141.97700,140.89200,141.89400,248397
2014.03.18,00:00,141.89400,141.95600,140.73900,141.34600,248578
2014.03.19,00:00,141.34700,141.91800,141.06200,141.54400,250601
2014.03.20,00:00,141.54400,141.72800,140.82400,141.10300,259380
2014.03.21,00:00,141.10200,141.29400,140.43900,141.02500,161079
2014.03.23,00:00,140.95900,141.17600,140.89500,141.09000,5735
2014.03.24,00:00,141.09100,141.88500,140.72400,141.46100,175928
2014.03.25,00:00,141.46200,141.59700,140.69800,141.37100,178550
2014.03.26,00:00,141.37100,141.50300,140.33800,140.49500,155087
2014.03.27,00:00,140.49500,141.03600,140.18100,140.38300,198604
2014.03.28,00:00,140.38300,141.64500,139.96500,141.39700,149148
2014.03.30,00:00,141.63300,141.67800,141.38100,141.51600,7108
2014.03.31,00:00,141.51600,142.60100,141.31800,142.16400,154047
2014.04.01,00:00,142.16400,143.06400,142.00800,142.95500,143696
2014.04.02,00:00,142.95600,143.47200,142.72200,142.98900,143681
2014.04.03,00:00,142.98900,143.42300,142.30000,142.57200,148803
2014.04.04,00:00,142.57200,142.59700,141.38200,141.49900,139567
2014.04.06,00:00,141.42600,141.65900,141.42600,141.58300,6012
2014.04.07,00:00,141.58200,141.89100,141.11700,141.63900,150545
2014.04.08,00:00,141.63900,141.64500,140.07900,140.62200,181124
2014.04.09,00:00,140.62200,141.49500,140.45200,141.46500,146078
2014.04.10,00:00,141.46700,141.55000,140.59600,140.79700,186324
2014.04.11,00:00,140.79600,141.55500,140.64300,141.04700,161253
2014.04.13,00:00,140.71400,140.81900,140.41900,140.47300,7767
2014.04.14,00:00,140.47500,140.91800,140.43600,140.80000,143342
2014.04.15,00:00,140.80000,140.90200,140.23200,140.69700,151368
2014.04.16,00:00,140.69800,141.76500,140.67700,141.29000,136482
2014.04.17,00:00,141.28900,141.62300,140.98300,141.49600,126217
2014.04.18,00:00,141.49600,141.65000,141.36300,141.36300,30923
2014.04.20,00:00,141.48800,141.74200,141.43900,141.67400,5829
2014.04.21,00:00,141.67400,141.82500,141.40500,141.61000,70829
2014.04.22,00:00,141.61100,141.77200,141.21200,141.69800,111081
2014.04.23,00:00,141.69600,141.99800,141.18400,141.61500,108482
2014.04.24,00:00,141.61500,141.79100,141.04300,141.49500,124191
2014.04.25,00:00,141.49000,141.74700,141.03100,141.32000,112410
2014.04.27,00:00,141.39600,141.46300,141.29300,141.29600,4050
2014.04.28,00:00,141.29700,142.14400,140.99300,142.01400,115304
2014.04.29,00:00,142.01600,142.47500,141.58500,141.66800,95613
2014.04.30,00:00,141.66500,142.13800,141.12300,141.76800,118606
2014.05.01,00:00,141.76800,142.01000,141.67000,141.85600,72248
2014.05.02,00:00,141.85600,142.37800,141.64200,141.75800,85861
2014.05.04,00:00,141.77800,141.85500,141.74700,141.77700,4273
2014.05.05,00:00,141.77700,141.80100,141.28500,141.71500,77906
2014.05.06,00:00,141.71600,142.09200,141.35500,141.69000,97507
2014.05.07,00:00,141.69200,142.00500,141.15100,141.70600,124743
2014.05.08,00:00,141.70300,142.36500,140.52700,140.62800,129329
2014.05.09,00:00,140.62600,140.80800,139.88200,140.09900,118020
2014.05.11,00:00,140.04900,140.23400,140.04600,140.19300,4668
2014.05.12,00:00,140.19400,140.63300,140.13100,140.55900,105656
2014.05.13,00:00,140.56000,140.94500,139.98600,140.13700,120389
2014.05.14,00:00,140.13700,140.27500,139.45900,139.61500,146657
2014.05.15,00:00,139.61300,139.86300,138.97100,139.20800,192118
2014.05.16,00:00,139.20800,139.43800,138.77800,138.98100,152768
2014.05.18,00:00,139.02900,139.15500,138.97500,139.14000,6072
2014.05.19,00:00,139.13900,139.26700,138.61000,139.13600,171585
2014.05.20,00:00,139.13600,139.31200,138.54200,138.77100,162204
2014.05.21,00:00,138.77400,138.92800,138.14200,138.77800,194598
2014.05.22,00:00,138.77700,139.12700,138.64200,138.95600,167258
2014.05.23,00:00,138.95500,139.06800,138.59400,138.85800,146480
2014.05.25,00:00,138.88400,138.99500,138.86900,138.96600,6847
2014.05.26,00:00,138.96700,139.13200,138.72500,139.12500,79512
2014.05.27,00:00,139.12500,139.36100,138.81800,139.04100,161338
2014.05.28,00:00,139.04000,139.04700,138.25300,138.25300,165269
2014.05.29,00:00,138.25600,138.51600,137.97600,138.37000,163267
2014.05.30,00:00,138.37100,138.87500,138.08100,138.73100,146976
2014.06.01,00:00,138.83800,138.85500,138.66100,138.85300,7064
2014.06.02,00:00,138.85400,139.31800,138.68500,139.27900,158632
2014.06.03,00:00,139.28100,139.77400,139.08400,139.70100,162440
2014.06.04,00:00,139.70100,139.95600,139.54900,139.65800,154095
2014.06.05,00:00,139.65800,139.98500,138.67300,139.91100,172494
2014.06.06,00:00,139.91100,139.94100,139.34800,139.82100,153560
2014.06.08,00:00,139.84600,140.08700,139.83900,140.06500,5674
2014.06.09,00:00,140.06500,140.08000,139.26400,139.30100,132195
2014.06.10,00:00,139.30200,139.30900,138.45000,138.51600,178945
2014.06.11,00:00,138.51900,138.59400,137.86900,138.06200,163723
2014.06.12,00:00,138.06200,138.33600,137.71900,137.82900,168986
2014.06.13,00:00,137.83100,138.55000,137.82800,138.13600,153578
2014.06.15,00:00,138.14900,138.15500,137.95900,138.02800,3514
2014.06.16,00:00,138.02800,138.31300,137.70400,138.30700,131821
2014.06.17,00:00,138.30700,138.53800,138.21200,138.43000,120936
2014.06.18,00:00,138.43000,138.75700,138.34100,138.49000,131188
2014.06.19,00:00,138.49000,138.88700,138.42400,138.70800,134717
2014.06.20,00:00,138.70600,138.89100,138.54100,138.78100,107868
2014.06.22,00:00,138.76900,138.80800,138.71100,138.74400,4622
2014.06.23,00:00,138.74400,138.80200,138.28100,138.55900,110958
2014.06.24,00:00,138.55900,138.92300,138.45400,138.66800,116270
2014.06.25,00:00,138.66800,138.89900,138.56000,138.76200,106894
2014.06.26,00:00,138.76200,138.80800,137.91800,138.34900,133724
2014.06.27,00:00,138.34800,138.48300,137.98000,138.41400,123462
2014.06.29,00:00,138.36800,138.44700,138.32200,138.38900,4144
2014.06.30,00:00,138.38900,138.76100,138.10100,138.70600,108745
2014.07.01,00:00,138.70600,139.13300,138.68500,138.92200,115458
2014.07.02,00:00,138.92400,139.06300,138.54100,139.03100,105089
2014.07.03,00:00,139.03300,139.27800,138.95300,139.08300,114109
2014.07.04,00:00,139.08300,139.08300,138.58200,138.78200,65975
2014.07.06,00:00,138.76400,138.82800,138.70500,138.75600,4303
2014.07.07,00:00,138.75600,138.81400,138.43800,138.53000,102670
2014.07.08,00:00,138.52800,138.54600,138.10800,138.16400,99919
2014.07.09,00:00,138.16400,138.76000,138.15700,138.51400,113002
2014.07.10,00:00,138.51300,138.58000,137.49500,137.80900,138344
2014.07.11,00:00,137.80900,138.04600,137.67200,137.92300,128382
2014.07.13,00:00,137.90100,137.93900,137.85300,137.87600,4674
2014.07.14,00:00,137.87600,138.44800,137.82200,138.30400,99287
2014.07.15,00:00,138.30600,138.42700,137.88500,137.96700,146587
2014.07.16,00:00,137.96900,138.08400,137.46100,137.50300,111420
2014.07.17,00:00,137.50200,137.53900,136.70500,136.84200,147004
2014.07.18,00:00,136.84100,137.29200,136.76900,137.02200,136823
2014.07.20,00:00,137.11100,137.15500,137.07000,137.13300,4853
2014.07.21,00:00,137.13400,137.17500,136.88700,137.15200,90645
2014.07.22,00:00,137.15300,137.33900,136.58100,136.66500,146403
2014.07.23,00:00,136.66500,136.75800,136.40500,136.65700,110191
2014.07.24,00:00,136.65700,137.18900,136.36300,137.02800,127068
2014.07.25,00:00,137.02800,137.24800,136.64700,136.74800,120589
2014.07.27,00:00,136.72100,136.74400,136.63600,136.63700,4741
2014.07.28,00:00,136.63700,136.91500,136.63600,136.83000,85791
2014.07.29,00:00,136.82900,137.10200,136.75500,136.87500,118280
2014.07.30,00:00,136.87500,137.85400,136.83200,137.75800,167187
2014.07.31,00:00,137.75700,137.84400,137.50900,137.60000,163624
2014.08.01,00:00,137.60000,138.01300,137.56200,137.75400,194939
2014.08.03,00:00,137.65400,137.77200,137.63400,137.72700,5125
2014.08.04,00:00,137.72700,137.90800,137.42000,137.63000,110871
2014.08.05,00:00,137.63000,137.71900,137.07300,137.17800,149785
2014.08.06,00:00,137.17800,137.19500,136.15600,136.66300,190104
2014.08.07,00:00,136.66000,137.11800,136.26300,136.41800,194615
2014.08.08,00:00,136.41900,136.94300,135.72500,136.79300,226411
2014.08.10,00:00,136.95200,136.97400,136.83900,136.93000,11348
2014.08.11,00:00,136.92800,136.93600,136.59200,136.79100,108703
2014.08.12,00:00,136.79000,136.88600,136.36500,136.69600,120185
2014.08.13,00:00,136.69600,137.17800,136.60900,136.88900,135823
2014.08.14,00:00,136.88800,137.24300,136.79400,136.96300,134812
2014.08.15,00:00,136.96200,137.61700,136.76500,137.10900,162067
2014.08.17,00:00,137.04700,137.18600,137.03600,137.12400,5374
2014.08.18,00:00,137.12400,137.26300,136.90200,137.10700,102837
2014.08.19,00:00,137.10700,137.15600,136.80900,137.12200,121509
2014.08.20,00:00,137.12200,137.66400,137.01400,137.50100,165573
2014.08.21,00:00,137.50200,137.94700,137.47300,137.89900,138406
2014.08.22,00:00,137.90000,138.00200,137.30900,137.57900,166783
2014.08.24,00:00,137.59700,137.59700,137.40400,137.51300,14640
2014.08.25,00:00,137.51400,137.66700,137.09000,137.23000,103116
2014.08.26,00:00,137.22900,137.41500,137.00900,137.08100,134029
2014.08.27,00:00,137.08000,137.29400,136.74300,137.02800,143347
2014.08.28,00:00,137.02800,137.21500,136.41600,136.74100,152581
2014.08.29,00:00,136.74000,137.19000,136.57600,136.60700,132188
2014.08.31,00:00,136.81000,136.81000,136.72400,136.73300,5724
2014.09.01,00:00,136.73400,137.04300,136.66100,137.02200,83256
2014.09.02,00:00,137.02200,138.25400,136.99300,138.18700,149941
2014.09.03,00:00,138.18700,138.27800,137.68000,137.90700,104783
2014.09.04,00:00,137.90800,138.00900,135.96400,136.52300,122727
2014.09.05,00:00,136.52200,136.52600,135.81500,136.09400,99069
2014.09.07,00:00,136.15000,136.30800,136.06800,136.23000,5380
2014.09.08,00:00,136.23000,136.99100,135.88400,136.80800,103093
2014.09.09,00:00,136.80900,137.50200,136.61900,137.33000,122968
2014.09.10,00:00,137.33000,138.16700,137.30900,138.00000,122149
2014.09.11,00:00,138.00100,138.51900,137.73500,138.42500,112586
2014.09.12,00:00,138.42500,139.18400,138.34800,139.15800,102907
2014.09.14,00:00,139.02600,139.17600,139.02600,139.09200,3430
2014.09.15,00:00,139.09200,139.10400,138.46600,138.62900,84744
2014.09.16,00:00,138.62800,138.96600,138.52300,138.84100,103378
2014.09.17,00:00,138.84000,139.63300,138.78900,139.46700,119438
2014.09.18,00:00,139.46600,140.59300,139.34300,140.58100,120549
2014.09.19,00:00,140.58100,141.21900,139.67900,139.84400,126684
2014.09.21,00:00,140.05900,140.05900,139.75900,139.88900,4325
2014.09.22,00:00,139.88700,140.20000,139.63000,139.73600,97776
2014.09.23,00:00,139.73600,140.21600,139.26800,139.48200,101467
2014.09.24,00:00,139.48000,139.76200,139.00000,139.68100,102584
2014.09.25,00:00,139.68400,139.69700,138.42300,138.55200,122972
2014.09.26,00:00,138.55400,139.08400,138.38200,138.61300,105514
2014.09.28,00:00,138.58800,138.74900,138.58800,138.66900,7270
2014.09.29,00:00,138.66700,139.13000,138.60200,138.83100,113414
2014.09.30,00:00,138.82900,138.91000,137.94200,138.48000,125196
2014.10.01,00:00,138.48100,138.79700,137.39000,137.59500,139016
2014.10.02,00:00,137.59600,137.71500,136.86800,137.46400,158659
2014.10.03,00:00,137.46300,137.87600,137.03600,137.32000,110562
2014.10.05,00:00,137.30700,137.42900,137.30500,137.39800,4167
2014.10.06,00:00,137.39700,137.76700,137.04600,137.65200,113483
2014.10.07,00:00,137.65100,137.75900,136.55800,136.86300,158396
2014.10.08,00:00,136.86300,137.93700,136.68300,137.79200,156575
2014.10.09,00:00,137.79200,137.83400,136.64600,136.81700,170947
2014.10.10,00:00,136.81600,137.07100,135.84100,135.86200,134711
2014.10.12,00:00,135.63500,135.81000,135.56100,135.67100,10251
2014.10.13,00:00,135.67100,136.37500,135.55000,136.19400,136243
2014.10.14,00:00,136.19500,136.54300,135.03400,135.66100,158987
2014.10.15,00:00,135.39100,136.04300,135.37000,135.90200,33276
2014.10.16,00:00,135.90200,136.41100,134.13900,136.28300,196786
2014.10.17,00:00,136.28400,136.71500,135.75300,136.28600,142318
2014.10.19,00:00,136.68000,136.68900,136.46400,136.59900,8443
2014.10.20,00:00,136.60000,137.01000,136.27500,136.76800,132743
2014.10.21,00:00,136.76800,136.79500,135.69500,136.04900,151617
2014.10.22,00:00,136.04900,136.20400,135.43400,135.45600,136337
2014.10.23,00:00,135.45700,137.00700,135.20900,136.82200,142671
2014.10.24,00:00,136.82100,137.07800,136.49400,136.83500,129641
2014.10.26,00:00,137.32300,137.34400,137.07600,137.13000,5506
2014.10.27,00:00,137.12600,137.25500,136.58700,136.98900,121836
2014.10.28,00:00,136.99000,137.79700,136.90800,137.71800,121450
2014.10.29,00:00,137.72000,138.03000,137.40100,137.48200,122576
2014.10.30,00:00,137.48200,138.06100,137.04600,137.72400,146474
2014.10.31,00:00,137.72300,140.79400,137.68000,140.49400,178648
2014.11.02,00:00,140.93800,141.40200,140.85900,141.06600,8501
2014.11.03,00:00,141.06600,142.10900,140.39500,141.99600,87976
2014.11.04,00:00,141.76300,142.61800,141.75500,142.48600,94980
2014.11.05,00:00,142.48300,143.44900,142.44500,143.06200,184293
2014.11.06,00:00,143.06200,144.21900,142.18700,142.59700,194732
2014.11.07,00:00,142.59700,143.04100,142.25300,142.72800,183149
2014.11.09,00:00,142.66800,142.88800,142.49900,142.70400,4781
2014.11.10,00:00,142.70800,142.77200,142.09100,142.64900,132410
2014.11.11,00:00,142.64800,144.70500,142.58700,144.38900,160660
2014.11.12,00:00,144.39000,144.42700,143.34900,143.67700,184109
2014.11.13,00:00,143.68000,144.58900,143.56400,144.44300,150121
2014.11.14,00:00,144.44400,145.84300,144.30100,145.66200,163626
2014.11.16,00:00,145.89500,146.52400,145.74100,146.34700,7146
2014.11.17,00:00,146.35000,146.35200,144.78800,145.21000,163343
2014.11.18,00:00,145.20800,146.69800,145.18800,146.47000,143666
2014.11.19,00:00,146.46800,148.35400,146.36400,148.14500,154230
2014.11.20,00:00,148.14500,149.13300,147.88200,148.31900,166263
2014.11.21,00:00,148.31700,148.32600,145.67900,145.88100,164778
2014.11.23,00:00,145.75000,145.91000,145.65600,145.72100,5436
2014.11.24,00:00,145.72200,147.39300,145.58000,147.28800,134321
2014.11.25,00:00,147.28800,147.29500,146.29800,147.01300,159196
2014.11.26,00:00,147.01300,147.41600,146.50200,147.08100,146633
2014.11.27,00:00,147.08200,147.17300,146.41800,146.87000,98973
2014.11.28,00:00,146.87200,147.97500,146.82200,147.63400,147015
2014.11.30,00:00,147.97000,148.00700,147.47000,147.81400,8003
2014.12.01,00:00,147.81400,148.15600,147.08900,147.54700,165126
2014.12.02,00:00,147.54800,148.19400,147.45600,147.64700,150170
2014.12.03,00:00,147.64700,147.91900,147.03100,147.59800,152661
2014.12.04,00:00,147.59800,148.95400,147.28400,148.38100,161868
2014.12.05,00:00,148.38000,149.51400,148.29900,149.24100,182594
2014.12.07,00:00,149.36100,149.77900,149.28700,149.50700,8249
2014.12.08,00:00,149.50700,149.55300,148.18800,148.56600,178263
2014.12.09,00:00,148.56500,148.88200,146.79600,147.85400,213377
2014.12.10,00:00,147.85400,148.25600,146.42300,146.78100,234350
2014.12.11,00:00,146.78000,148.06000,146.64900,147.47800,210564
2014.12.12,00:00,147.47800,148.17800,146.94600,147.77400,171033
2014.12.14,00:00,148.08900,148.08900,146.82400,147.27500,15265
2014.12.15,00:00,147.27500,148.23000,146.26800,146.49900,192012
2014.12.16,00:00,146.50100,147.02700,144.95800,145.90600,185534
2014.12.17,00:00,145.90600,146.76600,145.25200,146.52300,196335
2014.12.18,00:00,146.52200,146.60400,145.59700,146.16600,169804
2014.12.19,00:00,146.16700,146.74000,145.93700,146.14800,154862
2014.12.21,00:00,146.05700,146.15300,146.01100,146.11900,8133
2014.12.22,00:00,146.11900,147.11700,145.95400,146.86600,131473
2014.12.23,00:00,146.86000,147.13400,146.65000,146.92500,105239
2014.12.24,00:00,146.92500,147.14300,146.44700,146.77200,71635
2014.12.25,00:00,146.77200,147.04200,146.11700,146.95300,11770
2014.12.26,00:00,146.95700,147.03000,146.47600,146.59500,46126
2014.12.28,00:00,146.60000,146.64800,146.51800,146.53800,3682
2014.12.29,00:00,146.53800,147.22200,146.50600,146.61800,143611
2014.12.30,00:00,146.61800,146.73700,144.76700,145.29400,138334
2014.12.31,00:00,145.29400,145.57400,143.17900,143.74200,95498
2015.01.01,00:00,143.74200,145.05400,143.44200,144.91000,7770
2015.01.02,00:00,144.91000,145.32300,144.12100,144.60800,117566
2015.01.04,00:00,143.80600,144.11600,143.00800,143.83900,10047
2015.01.05,00:00,143.84100,144.16400,142.27300,142.56400,204576
2015.01.06,00:00,142.56500,142.67800,140.55200,140.88000,234814
2015.01.07,00:00,140.87800,141.66800,140.79100,141.15700,223559
2015.01.08,00:00,141.15800,141.72000,140.71100,141.26900,216776
2015.01.09,00:00,141.26600,141.36500,140.18400,140.41100,216226
2015.01.11,00:00,140.14000,140.41300,140.07200,140.34300,8191
2015.01.12,00:00,140.34300,140.88400,139.75100,140.00700,202612
2015.01.13,00:00,140.00700,140.51300,138.31400,138.74800,244860
2015.01.14,00:00,138.75400,138.87300,137.00400,138.38700,265521
2015.01.15,00:00,138.38700,138.79300,134.69100,135.14300,258847
2015.01.16,00:00,135.14100,136.18000,134.80100,136.05900,225127
2015.01.18,00:00,135.64900,136.07500,135.62700,135.95500,5020
2015.01.19,00:00,135.95500,136.82400,135.13100,136.52300,146811
2015.01.20,00:00,136.52400,137.64300,136.49300,137.00000,188450
2015.01.21,00:00,137.00100,137.11600,135.80600,136.87400,181674
2015.01.22,00:00,136.88000,137.30900,134.21700,134.69800,183545
2015.01.23,00:00,134.70000,134.85800,130.90900,132.03900,187614
2015.01.25,00:00,131.05900,131.28600,130.14500,130.83000,10381
2015.01.26,00:00,130.83000,133.70800,130.74200,133.33600,168267
2015.01.27,00:00,133.33400,134.20700,132.49500,133.89300,182404
2015.01.28,00:00,133.89100,134.35600,132.38000,132.67300,191042
2015.01.29,00:00,132.67200,134.18200,132.55500,134.04800,195673
2015.01.30,00:00,134.04700,134.08100,132.37000,132.67200,172426
2015.02.01,00:00,132.26000,132.66500,132.25000,132.50900,10000
2015.02.02,00:00,132.50700,133.59600,132.46000,133.34400,180178
2015.02.03,00:00,133.34500,135.19300,132.38200,134.80900,175829
2015.02.04,00:00,134.84300,135.35200,132.54600,132.96700,165290
2015.02.05,00:00,132.74700,135.16000,132.69700,134.82100,223944
2015.02.06,00:00,134.36800,135.18800,134.02700,134.52800,98363
2015.02.08,00:00,134.46000,134.73800,134.45800,134.58700,7824
2015.02.09,00:00,134.58700,134.99100,133.67800,134.29800,147370
2015.02.10,00:00,134.29700,135.29200,134.04400,135.12500,160435
2015.02.11,00:00,135.04800,136.69200,135.02900,135.95700,157114
2015.02.12,00:00,135.95900,136.35200,134.71500,135.62100,176392
2015.02.13,00:00,135.62300,136.03100,135.15700,135.40200,147164
2015.02.15,00:00,135.06400,135.35700,135.05400,135.21400,7996
2015.02.16,00:00,135.21900,135.55900,133.99800,134.27300,112222
2015.02.17,00:00,134.27300,136.23200,133.93200,135.94700,173979
2015.02.18,00:00,135.94700,136.07000,135.07300,135.33800,150311
2015.02.19,00:00,135.33900,135.94500,134.94800,135.23000,141484
2015.02.20,00:00,135.22900,135.90200,133.54800,135.46200,144064
2015.02.22,00:00,135.49700,135.57000,135.44900,135.51300,4259
2015.02.23,00:00,135.51300,135.61600,134.44300,134.76800,118357
2015.02.24,00:00,134.76700,135.58800,134.51300,134.78700,127849
2015.02.25,00:00,134.78700,135.22500,134.56700,135.02900,121061
2015.02.26,00:00,135.02800,135.36600,133.54200,133.73300,129611
2015.02.27,00:00,133.73600,134.26800,133.44300,133.87400,141818
2015.03.01,00:00,133.81800,133.89800,133.66900,133.73900,7063
2015.03.02,00:00,133.74000,134.59100,133.73900,134.35200,129062
2015.03.03,00:00,134.35100,134.37900,133.67900,133.78000,141671
2015.03.04,00:00,133.77700,133.80900,132.40300,132.55400,144170
2015.03.05,00:00,132.55400,133.58500,132.10200,132.44400,152054
2015.03.06,00:00,132.44400,132.51400,130.92400,130.94600,148678
2015.03.08,00:00,130.83700,130.97500,130.70600,130.93900,10058
2015.03.09,00:00,130.93900,131.80500,130.86400,131.56300,157901
2015.03.10,00:00,131.56700,131.87000,129.20000,129.60500,199865
2015.03.11,00:00,129.60400,129.95500,127.61900,128.06100,210694
2015.03.12,00:00,128.06200,129.02500,127.65500,128.92400,202610
2015.03.13,00:00,128.92400,129.05800,126.90300,127.36800,167841
2015.03.15,00:00,127.06700,127.53100,127.02900,127.18300,7258
2015.03.16,00:00,127.18400,128.79200,127.18400,128.31300,150846
2015.03.17,00:00,128.31200,129.15900,128.08000,128.51700,161352
2015.03.18,00:00,128.51600,131.72800,128.19800,130.26200,207789
2015.03.19,00:00,130.26900,130.84000,128.36300,128.82900,221094
2015.03.20,00:00,128.83200,130.69900,128.70800,129.99700,177422
2015.03.22,00:00,129.67700,130.41500,129.67700,129.92400,12485
2015.03.23,00:00,129.92400,131.35400,129.29300,131.06900,193536
2015.03.24,00:00,131.07100,131.51100,130.35200,130.62200,178265
2015.03.25,00:00,130.62300,131.41000,130.60200,131.02400,164487
2015.03.26,00:00,131.02400,131.05700,129.50000,129.74700,197309
2015.03.27,00:00,129.75000,130.41300,129.03200,129.70000,175722
2015.03.29,00:00,129.77500,129.89900,129.70100,129.77600,8927
2015.03.30,00:00,129.77500,130.18500,129.30200,129.97400,166024
2015.03.31,00:00,129.97700,130.25500,128.60700,128.84700,179724
2015.04.01,00:00,128.84700,129.45200,128.40100,128.78400,195110
2015.04.02,00:00,128.78500,130.49200,128.61100,130.10600,160700
2015.04.03,00:00,130.10700,130.97400,130.01200,130.50900,90351
2015.04.05,00:00,130.75100,130.91000,130.59900,130.67700,7902
2015.04.06,00:00,130.67700,131.29400,130.42500,130.64800,122099
2015.04.07,00:00,130.64900,131.04200,130.00500,130.17100,174930
2015.04.08,00:00,130.17000,130.35500,129.39600,129.53200,180661
2015.04.09,00:00,129.53100,129.77000,128.49900,128.52000,122660
2015.04.10,00:00,128.71600,128.72800,127.20200,127.54200,136551
2015.04.12,00:00,127.37700,127.62400,127.33600,127.48700,8051
2015.04.13,00:00,127.48700,127.82900,126.51100,126.91400,188363
2015.04.14,00:00,126.91600,127.62900,126.09400,127.17600,199102
2015.04.15,00:00,127.17200,127.48600,126.28000,127.20000,206215
2015.04.16,00:00,127.20000,128.57700,126.74300,128.08700,210481
2015.04.17,00:00,128.08900,128.73900,127.76100,128.56300,180847
2015.04.19,00:00,128.72400,128.77100,128.35500,128.44200,8407
2015.04.20,00:00,128.45000,128.67300,127.56000,128.13800,170437
2015.04.21,00:00,128.13800,128.77300,127.45300,128.49700,176284
2015.04.22,00:00,128.49700,128.96700,128.18000,128.63800,181038
2015.04.23,00:00,128.63900,129.67500,127.87600,129.30300,199157
2015.04.24,00:00,129.30300,130.11400,128.83600,129.34200,177047
2015.04.26,00:00,129.14200,129.29300,129.11100,129.22100,7161
2015.04.27,00:00,129.22300,129.98200,129.01000,129.58200,175949
2015.04.28,00:00,129.58100,130.68100,129.36100,130.33100,168694
2015.04.29,00:00,130.32900,132.89300,130.26200,132.21900,187042
2015.04.30,00:00,132.21600,134.51700,131.30800,133.95600,210819
2015.05.01,00:00,133.95500,135.28800,133.95100,134.51100,148086
2015.05.03,00:00,134.58200,134.59400,134.35800,134.42200,4475
2015.05.04,00:00,134.42100,134.72400,133.69700,133.91200,148500
2015.05.05,00:00,133.91000,134.49100,133.10500,134.09000,186776
2015.05.06,00:00,134.08900,135.69300,134.08000,135.38200,204225
2015.05.07,00:00,135.38200,135.99400,134.19000,134.61700,203946
2015.05.08,00:00,134.61800,135.35400,134.07700,134.17000,178748
2015.05.10,00:00,134.12200,134.20600,134.09500,134.12600,6988
2015.05.11,00:00,134.13100,134.23300,133.48700,133.88000,159315
2015.05.12,00:00,133.87900,134.19000,133.74800,134.14600,19398
2015.05.13,00:00,134.45400,135.50100,134.20400,135.24200,172839
2015.05.14,00:00,135.24500,136.41700,135.21400,135.92700,180081
2015.05.15,00:00,135.79900,136.81300,135.73600,136.63600,62850
2015.05.17,00:00,136.57200,136.68200,136.51400,136.58700,6682
2015.05.18,00:00,136.58800,136.95800,135.58700,135.79500,168788
2015.05.19,00:00,135.79600,135.82600,133.94000,134.43100,201639
2015.05.20,00:00,134.43100,134.85700,133.91600,134.56100,216014
2015.05.21,00:00,134.56200,135.34700,134.21500,134.48200,200266
2015.05.22,00:00,134.48200,135.34100,133.72300,133.78600,182063
2015.05.24,00:00,133.68800,133.80800,133.32300,133.61000,10775
2015.05.25,00:00,133.61000,133.83000,133.25100,133.43000,110472
2015.05.26,00:00,133.43100,134.51100,133.09800,133.89500,181931
2015.05.27,00:00,133.89500,135.01500,133.78400,134.83800,185810
2015.05.28,00:00,134.83700,135.92400,134.75100,135.72900,202791
2015.05.29,00:00,135.73200,136.45500,135.42900,136.45100,170714
2015.05.31,00:00,136.25400,136.36300,136.06300,136.13600,8644
2015.06.01,00:00,136.13600,136.59400,135.13000,136.37300,202677
2015.06.02,00:00,136.37300,138.87100,136.10800,138.28500,214772
2015.06.03,00:00,138.28400,140.13900,138.04500,139.98100,184155
2015.06.04,00:00,139.98200,140.35700,139.13300,139.40500,61630
2015.06.05,00:00,139.40300,140.69700,139.03000,139.56500,160078
2015.06.07,00:00,139.35900,139.60800,139.33900,139.46800,7190
2015.06.08,00:00,139.46900,140.74300,139.03700,140.52700,169036
2015.06.09,00:00,140.52300,141.00300,139.36200,140.43200,179996
2015.06.10,00:00,140.43300,140.66800,138.42700,138.97900,209799
2015.06.11,00:00,138.97900,139.61000,138.57400,138.99100,185295
2015.06.12,00:00,138.99300,139.31900,137.98100,138.98700,180180
2015.06.14,00:00,138.10300,138.46200,138.08700,138.38800,8968
2015.06.15,00:00,138.39100,139.34500,138.13900,139.16100,172435
2015.06.16,00:00,139.16000,139.99600,138.25200,138.78500,163964
2015.06.17,00:00,138.78600,140.47900,138.73000,140.41100,184928
2015.06.18,00:00,140.40800,140.66500,139.49200,139.86700,208124
2015.06.19,00:00,139.86900,139.96400,138.92500,139.21500,150902
2015.06.21,00:00,139.85600,139.89400,139.44500,139.49000,8723
2015.06.22,00:00,139.49000,140.63100,139.26400,140.02100,167803
2015.06.23,00:00,140.02200,140.02800,138.20800,138.42700,178691
2015.06.24,00:00,138.42600,139.16600,138.29200,138.79300,172185
2015.06.25,00:00,138.79300,138.88900,137.66500,138.45500,157630
2015.06.26,00:00,138.45500,138.67200,137.80000,138.30800,154986
2015.06.28,00:00,135.05000,135.14000,133.75900,134.53900,27200
2015.06.29,00:00,134.53800,138.13700,134.42700,137.61000,209222
2015.06.30,00:00,137.60900,137.63800,135.88100,136.27300,218652
2015.07.01,00:00,136.25000,137.41400,136.03100,136.11700,178522
2015.07.02,00:00,136.11700,136.91500,136.08400,136.41800,187026
2015.07.03,00:00,136.41900,136.84500,135.91300,136.41100,143847
2015.07.05,00:00,134.06200,135.04300,133.87300,134.59500,19741
2015.07.06,00:00,134.59400,136.05800,134.55800,135.51000,196196
2015.07.07,00:00,135.51000,135.67300,133.51200,134.88000,217994
2015.07.08,00:00,134.88000,134.88900,133.30700,133.83700,241722
2015.07.09,00:00,133.83500,135.07500,133.30600,134.61400,211969
2015.07.10,00:00,134.61700,137.28600,134.33900,136.91900,203808
2015.07.12,00:00,135.60400,136.69600,135.58100,136.33500,11125
2015.07.13,00:00,136.33500,137.80000,135.74300,135.76000,187452
2015.07.14,00:00,135.77200,136.43800,135.28500,135.75000,174503
2015.07.15,00:00,135.74700,136.37900,135.35500,135.53400,185630
2015.07.16,00:00,135.53900,135.58500,134.75100,135.14200,183579
2015.07.17,00:00,135.14200,135.27200,134.34300,134.34700,150232
2015.07.19,00:00,134.37400,134.56000,134.35100,134.44500,7065
2015.07.20,00:00,134.44100,135.05200,134.34900,134.66100,167533
2015.07.21,00:00,134.66300,135.76800,134.51300,135.46900,194851
2015.07.22,00:00,135.46900,135.62800,134.85000,135.53200,189738
2015.07.23,00:00,135.53100,136.43300,135.48400,136.11100,185898
2015.07.24,00:00,136.11100,136.28900,135.53000,135.92100,154386
2015.07.26,00:00,135.88500,135.95300,135.76300,135.80200,6022
2015.07.27,00:00,135.80100,137.10300,135.75000,136.69300,186187
2015.07.28,00:00,136.69200,136.98000,136.37000,136.73600,191538
2015.07.29,00:00,136.73600,136.94200,135.97500,136.10900,192268
2015.07.30,00:00,136.10900,136.48900,135.53600,135.74500,190100
2015.07.31,00:00,135.74500,137.34600,135.57700,136.05100,189618
2015.08.02,00:00,135.93900,136.11200,135.93900,136.04500,7706
2015.08.03,00:00,136.04200,136.44500,135.59200,135.73200,166733
2015.08.04,00:00,135.72800,136.10300,135.27300,135.29200,82032
2015.08.05,00:00,135.29400,136.19800,134.99700,136.04400,190538
2015.08.06,00:00,136.04300,136.49500,135.80300,136.25800,171014
2015.08.07,00:00,136.25900,136.71600,135.55500,136.19700,164685
2015.08.09,00:00,136.09300,136.33000,136.09300,136.24500,5533
2015.08.10,00:00,136.24700,137.41600,136.21900,137.28700,165696
2015.08.11,00:00,137.28700,138.37100,136.78900,138.12500,200311
2015.08.12,00:00,138.12500,138.86300,137.95100,138.64900,206217
2015.08.13,00:00,138.64800,138.85300,138.07500,138.79600,169410
2015.08.14,00:00,138.79800,138.85300,137.93200,138.11100,148865
2015.08.16,00:00,138.02100,138.23200,137.90200,137.96700,6357
2015.08.17,00:00,137.96700,138.39500,137.58500,137.78000,152823
2015.08.18,00:00,137.86400,137.90100,137.07100,137.19800,156197
2015.08.19,00:00,137.19900,137.84300,137.06200,137.79000,197233
2015.08.20,00:00,137.78900,138.72900,137.74200,138.69300,201050
2015.08.21,00:00,138.69300,139.00300,138.17300,139.00200,229892
2015.08.23,00:00,138.68300,138.82100,138.09400,138.48400,15650
2015.08.24,00:00,138.48400,138.96200,136.00000,137.67800,281410
2015.08.25,00:00,137.67700,138.61300,136.48400,136.98100,267881
2015.08.26,00:00,136.99800,137.59200,135.44700,136.12100,254542
2015.08.27,00:00,136.12100,136.35700,135.25900,136.06300,223591
2015.08.28,00:00,136.06200,136.61200,135.30100,136.12500,199395
2015.08.30,00:00,135.87800,136.02500,135.73000,135.98800,10415
2015.08.31,00:00,135.98800,136.35400,135.67600,135.93100,158452
2015.09.01,00:00,135.93100,136.23800,134.67500,135.22600,230108
2015.09.02,00:00,135.22600,135.71900,134.72500,135.24200,214773
2015.09.03,00:00,135.24300,135.36800,133.12500,133.61800,207312
2015.09.04,00:00,132.58000,132.98000,132.22000,132.64000,9741
2015.09.06,00:00,132.72600,132.90700,132.65000,132.90100,9081
2015.09.07,00:00,132.87000,133.34000,132.73000,133.27000,19632
2015.09.08,00:00,133.28000,134.59000,132.97000,134.59000,23840
2015.09.09,00:00,134.57000,135.19000,134.24000,134.89000,25706
2015.09.10,00:00,134.90000,136.37000,134.75000,136.13000,31858
2015.09.11,00:00,136.12000,136.92000,135.72000,136.74000,28257
2015.09.13,00:00,136.51100,137.04800,136.48900,137.02200,10226
2015.09.14,00:00,137.00000,137.01000,135.48000,136.10000,24571
2015.09.15,00:00,136.11000,136.40000,134.99000,135.71000,18615
2015.09.16,00:00,135.70000,136.63000,135.15000,136.11000,18287
2015.09.17,00:00,136.12000,137.37000,136.11000,136.93000,27888
2015.09.18,00:00,136.92000,137.23000,135.24000,135.35000,29277
2015.09.20,00:00,135.56200,135.59500,135.39400,135.50300,10501
2015.09.21,00:00,135.48000,136.13000,134.76000,134.82000,18107
2015.09.22,00:00,134.81000,134.91000,133.31000,133.54000,17721
2015.09.23,00:00,133.55000,134.68000,133.15000,134.49000,21375
2015.09.24,00:00,134.50000,134.92000,133.99000,134.46000,24729
2015.09.25,00:00,134.45000,135.29000,134.11000,135.11000,19817
2015.09.27,00:00,134.81300,134.97500,134.77000,134.83300,9576
2015.09.28,00:00,134.83200,134.90100,133.93800,134.55300,203176
2015.09.29,00:00,134.55400,134.96100,134.23800,134.89800,217128
2015.09.30,00:00,134.89900,135.11400,133.57500,133.90600,204018
2015.10.01,00:00,133.90600,134.24200,133.44000,134.11000,195640
2015.10.02,00:00,134.10900,134.87900,133.98400,134.40300,201289
2015.10.04,00:00,134.63300,134.71600,134.41200,134.67000,15998
2015.10.05,00:00,134.67000,135.71900,134.56900,134.87000,204482
2015.10.06,00:00,134.86800,135.60600,134.40500,135.49700,194271
2015.10.07,00:00,135.49700,135.62900,134.61700,134.78100,205267
2015.10.08,00:00,134.78200,135.59300,134.72100,135.34400,194237
2015.10.09,00:00,135.34400,136.95600,135.05100,136.53000,179762
2015.10.11,00:00,136.51600,136.71300,136.49600,136.61400,12324
2015.10.12,00:00,136.62800,136.93400,136.23500,136.27900,133283
2015.10.13,00:00,136.27900,136.59700,136.00700,136.30400,167473
2015.10.14,00:00,136.30200,136.61500,136.14800,136.36800,179924
2015.10.15,00:00,136.36600,136.73800,134.79700,135.34700,204370
2015.10.16,00:00,135.34800,135.98600,134.95400,135.54100,166183
2015.10.18,00:00,135.59100,135.65900,135.48500,135.49700,12816
2015.10.19,00:00,135.50100,135.93900,135.07000,135.38600,164757
2015.10.20,00:00,135.38500,136.22100,135.26100,136.02000,150979
2015.10.21,00:00,136.01900,136.38700,135.88500,135.99200,163240
2015.10.22,00:00,135.99300,136.06600,133.75900,133.96300,208840
2015.10.23,00:00,133.96400,134.26300,133.37400,133.76700,198946
2015.10.25,00:00,133.65600,133.82200,133.59700,133.67700,14648
2015.10.26,00:00,133.67600,133.90000,133.14500,133.77800,174158
2015.10.27,00:00,133.77800,133.79300,132.72900,132.92000,181613
2015.10.28,00:00,132.92100,133.55000,131.97000,132.04400,195911
2015.10.29,00:00,132.04500,133.06900,131.59300,133.00500,202453
2015.10.30,00:00,133.00500,133.39400,132.20000,132.74100,226708
2015.11.01,00:00,132.86000,132.98100,132.81300,132.82400,11658
2015.11.02,00:00,132.82500,133.20800,132.62000,133.05100,170867
2015.11.03,00:00,133.05500,133.11700,132.54100,132.73000,170155
2015.11.04,00:00,132.72900,132.90600,131.84800,132.01900,206020
2015.11.05,00:00,132.02000,132.72300,131.86100,132.44100,195644
2015.11.06,00:00,132.44100,132.71000,131.47800,132.26200,177263
2015.11.08,00:00,132.18200,132.35000,132.18200,132.18200,7107
2015.11.09,00:00,132.18000,133.19200,132.17400,132.40000,195512
2015.11.10,00:00,132.40000,132.78500,131.62400,132.15500,191858
2015.11.11,00:00,132.15500,132.40600,131.65200,132.12100,175933
2015.11.12,00:00,132.12100,132.68700,131.47900,132.49700,229269
2015.11.13,00:00,132.49600,132.51000,131.55900,131.86300,192566
2015.11.15,00:00,131.30000,131.48700,130.64300,130.86900,14314
2015.11.16,00:00,130.86700,132.21100,130.86700,131.73800,203679
2015.11.17,00:00,131.73700,131.77300,131.19600,131.37800,196623
2015.11.18,00:00,131.37700,131.84600,131.11600,131.81300,177703
2015.11.19,00:00,131.81600,132.27700,131.43100,131.82700,206037
2015.11.20,00:00,131.82800,131.84600,130.70600,130.72500,180068
2015.11.22,00:00,130.67200,130.79700,130.59400,130.76700,8916
2015.11.23,00:00,130.76800,131.04200,130.35100,130.76800,184064
2015.11.24,00:00,130.77300,130.77500,130.19600,130.39100,201097
2015.11.25,00:00,130.39000,130.76500,129.77500,130.32000,218717
2015.11.26,00:00,130.32000,130.34800,129.89000,130.07000,149727
2015.11.27,00:00,130.07100,130.24900,129.66700,130.08100,158326
2015.11.29,00:00,130.01900,130.11400,129.95500,129.99500,8050
2015.11.30,00:00,129.99400,130.29600,129.81200,130.23000,177394
2015.12.01,00:00,130.22900,130.81200,129.75600,130.60400,201402
2015.12.02,00:00,130.60500,130.97700,130.30200,130.76200,206284
2015.12.03,00:00,130.76400,134.50000,129.87700,133.90000,268865
2015.12.04,00:00,133.90000,134.59300,133.32800,133.87500,250746
2015.12.06,00:00,133.92800,134.11900,133.87600,134.04900,11786
2015.12.07,00:00,134.05200,134.07100,133.29700,133.57800,172056
2015.12.08,00:00,133.58700,134.00500,133.48300,133.89800,185616
2015.12.09,00:00,133.89900,134.22200,133.52100,134.03800,227672
2015.12.10,00:00,134.03900,134.07500,132.77300,133.22900,206025
2015.12.11,00:00,133.22900,133.78500,132.62600,132.88000,220227
2015.12.13,00:00,133.00600,133.07300,132.48800,132.74700,11462
2015.12.14,00:00,132.74700,133.23500,132.44100,133.12600,251133
2015.12.15,00:00,133.13000,133.53000,132.70600,133.03700,212909
2015.12.16,00:00,133.03700,133.78700,132.89300,133.18000,240085
2015.12.17,00:00,133.17800,133.25400,132.59300,132.77000,210119
2015.12.18,00:00,132.77100,133.79200,131.03100,131.75000,237434
2015.12.20,00:00,131.60800,131.92900,131.32700,131.84400,8437
2015.12.21,00:00,131.84300,132.34700,131.65800,132.26200,182393
2015.12.22,00:00,132.26200,132.79900,132.09800,132.50800,183884
2015.12.23,00:00,132.50800,132.53900,131.50200,131.92800,130471
2015.12.24,00:00,131.92800,132.00400,131.59200,131.90900,81237
2015.12.27,00:00,131.70500,131.87700,131.51900,131.83500,8510
2015.12.28,00:00,131.83800,132.46400,131.83600,132.10300,125103
2015.12.29,00:00,132.10400,132.35200,131.35700,131.68200,206420
2015.12.30,00:00,131.68500,131.92000,131.44900,131.73000,115481
2015.12.31,00:00,131.72800,131.77000,130.40700,130.40700,84271
2016.01.03,00:00,130.70300,130.76700,130.46800,130.56800,7676
2016.01.04,00:00,130.56800,130.64800,128.67700,129.31000,234441
2016.01.05,00:00,129.31000,129.47400,127.51900,128.04800,215431
2016.01.06,00:00,128.04500,128.07000,127.02100,127.83000,241717
2016.01.07,00:00,127.83400,128.63600,126.78300,128.41200,273577
2016.01.08,00:00,128.41200,129.09100,128.08500,128.30600,259051
2016.01.10,00:00,127.95400,128.32400,127.64300,128.02900,19531
2016.01.11,00:00,128.03000,128.46700,127.30900,127.76000,236512
2016.01.12,00:00,127.75900,128.00800,127.45500,127.76800,253209
2016.01.13,00:00,127.76700,128.54500,127.63400,127.81200,249219
2016.01.14,00:00,127.81200,128.75400,127.74300,128.35900,273496
2016.01.15,00:00,128.35900,128.39500,127.58100,127.61500,284591
2016.01.17,00:00,127.52300,127.81200,127.43400,127.74000,10938
2016.01.18,00:00,127.74100,127.94500,127.35000,127.87900,182442
2016.01.19,00:00,127.87900,128.55900,127.78800,128.27100,244660
2016.01.20,00:00,128.26700,128.34500,126.62700,127.44200,296899
2016.01.21,00:00,127.44600,128.19400,126.16600,128.04900,332520
2016.01.22,00:00,128.04900,128.43000,127.41900,128.20200,241551
2016.01.24,00:00,127.94500,128.22200,127.90300,128.01000,7469
2016.01.25,00:00,128.00800,128.54500,127.85400,128.31000,241771
2016.01.26,00:00,128.31000,128.72500,127.82000,128.58900,232401
2016.01.27,00:00,128.58700,129.48000,128.25100,129.16500,253191
2016.01.28,00:00,129.16600,130.21700,128.94200,130.04800,250088
2016.01.29,00:00,130.04800,132.32500,129.44900,131.17700,293723
2016.01.31,00:00,131.39000,131.47700,130.99800,131.36900,11737
2016.02.01,00:00,131.36600,132.02400,131.25400,131.68000,208146
2016.02.02,00:00,131.67900,131.97100,130.77100,130.86300,227156
2016.02.03,00:00,130.86400,131.08100,130.05400,131.07700,291514
2016.02.04,00:00,131.07700,131.66000,130.63900,130.86900,302865
2016.02.05,00:00,130.86700,131.01800,130.15900,130.34800,263698
2016.02.07,00:00,130.31500,130.38600,130.27500,130.31900,15054
2016.02.08,00:00,130.32200,130.90300,128.76100,129.41600,288568
2016.02.09,00:00,129.41800,130.26500,128.26800,130.02900,364820
2016.02.10,00:00,130.02900,130.06800,127.70800,127.77900,398656
2016.02.11,00:00,127.78100,127.96700,125.77800,127.29000,393374
2016.02.12,00:00,127.29000,127.65300,126.36600,127.41300,349194
2016.02.14,00:00,127.27700,127.65600,127.21800,127.58500,13611
2016.02.15,00:00,127.58200,127.96000,127.25100,127.80000,265503
2016.02.16,00:00,127.79800,128.17100,126.61600,127.17900,293781
2016.02.17,00:00,127.17900,127.39600,126.63300,127.09400,292231
2016.02.18,00:00,127.09300,127.13200,125.59500,125.79300,277811
2016.02.19,00:00,125.79600,125.89800,125.01800,125.29900,258499
2016.02.21,00:00,125.07200,125.27400,125.00700,125.15100,11956
2016.02.22,00:00,125.15200,125.56300,124.37000,124.53200,233175
2016.02.23,00:00,124.53300,124.57900,123.06700,123.35900,277088
2016.02.24,00:00,123.36100,123.62200,122.45400,123.42800,299431
2016.02.25,00:00,123.42700,124.73500,123.30200,124.71600,273534
2016.02.26,00:00,124.71600,125.00700,124.21900,124.55100,244827
2016.02.28,00:00,124.36400,124.46300,124.01100,124.22500,10793
2016.02.29,00:00,124.22600,124.36900,122.07500,122.36900,289874
2016.03.01,00:00,122.36600,124.07800,122.10400,123.89800,262877
2016.03.02,00:00,123.89900,124.35600,123.08900,123.35100,257439
2016.03.03,00:00,123.35200,124.59900,123.26200,124.44000,252400
2016.03.04,00:00,124.44100,125.58800,123.93200,125.21700,247162
2016.03.06,00:00,125.08000,125.24200,125.04700,125.11100,11664
2016.03.07,00:00,125.11200,125.22800,124.24000,124.98000,227906
2016.03.08,00:00,124.97800,125.01000,123.84700,123.96300,271654
2016.03.09,00:00,123.96200,124.88700,123.06000,124.39100,246284
2016.03.10,00:00,124.39000,126.77000,123.64900,126.11900,312953
2016.03.11,00:00,126.12200,127.28900,126.06500,126.87000,260435
2016.03.13,00:00,126.79500,127.12200,126.79500,127.02700,14147
2016.03.14,00:00,127.02700,127.15200,126.07600,126.34600,206481
2016.03.15,00:00,126.34700,126.69600,125.09400,125.62600,214443
2016.03.16,00:00,125.62800,126.53500,125.54800,126.51600,219964
2016.03.17,00:00,126.51500,126.62000,125.32700,126.01000,275205
2016.03.18,00:00,126.01500,126.19600,125.26700,125.77100,222117
2016.03.20,00:00,125.51900,125.76000,125.46700,125.64800,11860
2016.03.21,00:00,125.64800,126.07500,125.21800,125.99500,200891
2016.03.22,00:00,125.99300,126.27300,124.67000,125.95000,249738
2016.03.23,00:00,125.95400,126.24900,125.50400,125.66200,231407
2016.03.24,00:00,125.66100,126.18100,125.38300,125.97700,192472
2016.03.25,00:00,125.97700,126.46800,125.93700,126.24500,92564
2016.03.27,00:00,126.23200,126.61100,126.23200,126.59200,11743
2016.03.28,00:00,126.59500,127.10200,126.51200,126.98000,102990
2016.03.29,00:00,126.97900,127.44800,126.77700,127.20200,201313
2016.03.30,00:00,127.20400,127.82400,126.77900,127.36000,204897
2016.03.31,00:00,127.36000,128.22100,126.96300,128.02700,210775
2016.04.01,00:00,128.03300,128.16500,127.09600,127.15100,223791
2016.04.03,00:00,127.20700,127.35000,127.11600,127.27200,8579
2016.04.04,00:00,127.27300,127.35100,126.44700,126.64700,192043
2016.04.05,00:00,126.64500,126.69200,125.24400,125.61000,225580
2016.04.06,00:00,125.61000,125.83900,125.06300,125.10000,102564
