1996.11.17,00:00,110.90000,112.02000,110.60000,111.55000,769
1996.11.24,00:00,111.41000,114.01000,111.35000,113.97000,719
1996.12.01,00:00,113.77000,114.85000,111.73000,112.95000,1024
1996.12.08,00:00,113.13000,114.07000,112.43000,113.95000,801
1996.12.15,00:00,113.98000,114.48000,113.25000,114.35000,598
1996.12.22,00:00,114.16000,116.22000,113.84000,115.35000,643
1996.12.29,00:00,115.56000,116.80000,115.28000,116.46000,664
1997.01.05,00:00,116.74000,117.09000,114.85000,116.18000,1078
1997.01.12,00:00,116.14000,117.55000,115.88000,116.96000,804
1997.01.19,00:00,117.31000,120.20000,117.25000,118.85000,1081
1997.01.26,00:00,119.04000,122.90000,118.90000,121.37000,1296
1997.02.02,00:00,121.24000,124.81000,121.18000,123.20000,1369
1997.02.09,00:00,121.45000,124.92000,121.45000,124.30000,925
1997.02.16,00:00,124.65000,124.78000,122.28000,123.30000,1010
1997.02.23,00:00,123.10000,123.43000,119.90000,120.43000,1325
1997.03.02,00:00,120.25000,122.40000,119.95000,122.10000,894
1997.03.09,00:00,122.03000,124.40000,121.10000,123.50000,963
1997.03.16,00:00,123.40000,124.00000,122.05000,122.70000,1031
1997.03.23,00:00,122.68000,124.59000,122.15000,123.96000,823
1997.03.30,00:00,124.00000,124.40000,121.35000,124.31000,1154
1997.04.06,00:00,124.30000,127.20000,124.22000,126.20000,886
1997.04.13,00:00,126.12000,126.70000,125.03000,125.90000,748
1997.04.20,00:00,125.68000,126.57000,125.05000,126.30000,741
1997.04.27,00:00,126.50000,127.55000,126.18000,126.75000,642
1997.05.04,00:00,126.50000,126.90000,118.99000,120.10000,1431
1997.05.11,00:00,119.75000,119.80000,114.66000,115.85000,1984
1997.05.18,00:00,115.45000,116.50000,111.88000,115.59000,1430
1997.05.25,00:00,116.05000,117.02000,115.09000,116.24000,1064
1997.06.01,00:00,116.07000,117.00000,114.21000,114.29000,843
1997.06.08,00:00,114.17000,115.78000,110.51000,114.88000,1728
1997.06.15,00:00,114.64000,115.08000,112.80000,114.99000,911
1997.06.22,00:00,115.15000,115.70000,113.00000,114.65000,1053
1997.06.29,00:00,114.52000,115.40000,112.93000,114.30000,852
1997.07.06,00:00,114.15000,114.30000,111.90000,114.30000,1004
1997.07.13,00:00,114.12000,116.55000,113.30000,115.52000,1122
1997.07.20,00:00,115.51000,117.16000,114.69000,116.92000,841
1997.07.27,00:00,116.88000,119.27000,116.85000,118.45000,996
1997.08.03,00:00,118.58000,119.68000,114.25000,114.65000,1245
1997.08.10,00:00,114.80000,118.79000,114.65000,117.40000,1345
1997.08.17,00:00,117.05000,118.62000,116.00000,118.39000,1027
1997.08.24,00:00,118.07000,121.29000,117.60000,120.89000,1032
1997.08.31,00:00,121.15000,121.87000,120.15000,121.20000,1011
1997.09.07,00:00,121.13000,121.74000,118.16000,121.05000,1193
1997.09.14,00:00,120.93000,122.63000,119.85000,122.18000,1144
1997.09.21,00:00,122.20000,123.13000,119.20000,121.25000,1391
1997.09.28,00:00,121.10000,122.53000,120.15000,122.20000,873
1997.10.05,00:00,121.82000,122.69000,119.58000,120.14000,868
1997.10.12,00:00,120.12000,121.86000,119.30000,120.78000,800
1997.10.19,00:00,120.59000,122.48000,120.13000,122.18000,998
1997.10.26,00:00,122.01000,122.39000,118.65000,120.42000,1175
1997.11.02,00:00,120.32000,124.40000,119.85000,124.40000,1001
1997.11.09,00:00,124.15000,127.30000,123.78000,125.40000,1283
1997.11.16,00:00,126.02000,127.52000,124.20000,126.16000,1458
1997.11.23,00:00,126.51000,128.10000,126.30000,127.90000,990
1997.11.30,00:00,127.79000,130.60000,127.60000,130.30000,1084
1997.12.07,00:00,129.84000,130.89000,128.25000,130.33000,1213
1997.12.14,00:00,130.36000,131.66000,125.70000,129.29000,1864
1997.12.21,00:00,129.34000,130.83000,129.05000,130.56000,968
1997.12.28,00:00,129.86000,132.65000,129.22000,132.37000,766
1998.01.04,00:00,132.19000,134.45000,130.49000,132.20000,1878
1998.01.11,00:00,132.24000,133.18000,128.00000,129.37000,1306
1998.01.18,00:00,128.72000,129.87000,125.40000,125.80000,1498
1998.01.25,00:00,125.44000,127.85000,124.30000,127.10000,1354
1998.02.01,00:00,126.35000,127.05000,122.75000,124.10000,1098
1998.02.08,00:00,124.20000,125.58000,122.35000,125.21000,1293
1998.02.15,00:00,125.66000,128.20000,125.45000,128.00000,1085
1998.02.22,00:00,127.90000,129.05000,125.80000,126.15000,1360
1998.03.01,00:00,126.00000,128.50000,124.72000,127.93000,1220
1998.03.08,00:00,127.68000,129.77000,127.15000,127.85000,930
1998.03.15,00:00,127.83000,131.35000,127.65000,130.42000,1310
1998.03.22,00:00,130.35000,130.90000,127.82000,130.33000,1254
1998.03.29,00:00,130.11000,135.52000,129.95000,135.10000,2801
1998.04.05,00:00,135.10000,135.25000,128.51000,128.67000,4645
1998.04.12,00:00,128.74000,132.23000,127.55000,131.78000,32179
1998.04.19,00:00,131.80000,132.50000,129.64000,131.25000,41433
1998.04.26,00:00,131.07000,133.53000,130.72000,133.45000,44032
1998.05.03,00:00,133.40000,133.65000,131.25000,132.85000,30289
1998.05.10,00:00,133.09000,134.72000,132.20000,134.63000,34138
1998.05.17,00:00,134.68000,136.80000,134.65000,135.73000,36936
1998.05.24,00:00,136.52000,139.30000,136.15000,138.85000,36872
1998.05.31,00:00,138.70000,140.01000,137.40000,139.70000,50023
1998.06.07,00:00,139.85000,144.80000,139.70000,144.33000,66457
1998.06.14,00:00,144.25000,146.83000,133.65000,136.05000,61748
1998.06.21,00:00,138.01000,143.07000,137.10000,142.25000,53700
1998.06.28,00:00,142.65000,143.40000,137.43000,139.40000,52586
1998.07.05,00:00,140.60000,141.78000,138.08000,141.02000,49980
1998.07.12,00:00,143.04000,144.40000,138.58000,139.50000,51047
1998.07.19,00:00,139.24000,142.20000,138.53000,141.65000,47792
1998.07.26,00:00,141.55000,144.93000,140.75000,144.54000,33614
1998.08.02,00:00,144.85000,146.97000,143.35000,146.24000,45856
1998.08.09,00:00,146.23000,147.71000,144.30000,146.49000,49459
1998.08.16,00:00,146.32000,146.95000,141.47000,144.63000,54042
1998.08.23,00:00,144.85000,145.28000,140.00000,141.80000,52069
1998.08.30,00:00,141.55000,142.57000,132.80000,133.57000,43089
1998.09.06,00:00,134.50000,138.60000,129.10000,130.68000,44015
1998.09.13,00:00,131.54000,135.85000,130.90000,132.66000,76216
1998.09.20,00:00,133.47000,137.25000,132.32000,136.17000,68793
1998.09.27,00:00,135.94000,136.93000,133.01000,135.55000,70482
1998.10.04,00:00,135.25000,136.05000,111.65000,116.65000,73805
1998.10.11,00:00,117.31000,120.47000,113.50000,115.27000,80640
1998.10.18,00:00,115.60000,119.59000,113.76000,118.07000,70391
1998.10.25,00:00,118.75000,119.85000,114.99000,115.80000,65956
1998.11.01,00:00,115.32000,119.15000,114.40000,119.00000,57902
1998.11.08,00:00,119.25000,124.15000,119.05000,122.90000,52945
1998.11.15,00:00,122.23000,122.67000,118.48000,120.35000,50407
1998.11.22,00:00,120.58000,123.60000,120.15000,123.04000,63161
1998.11.29,00:00,123.24000,124.10000,117.30000,118.93000,68790
1998.12.06,00:00,118.55000,120.55000,116.20000,116.25000,71883
1998.12.13,00:00,116.39000,117.65000,114.45000,116.18000,67173
1998.12.20,00:00,115.57000,117.52000,114.65000,116.55000,50207
1998.12.27,00:00,116.13000,117.14000,113.15000,113.70000,45054
1999.01.03,00:00,113.63000,114.41000,109.75000,110.85000,81413
1999.01.10,00:00,110.32000,114.50000,108.21000,114.15000,78720
1999.01.17,00:00,114.21000,115.05000,112.30000,114.57000,85538
1999.01.24,00:00,114.57000,116.88000,113.21000,116.33000,87512
1999.01.31,00:00,115.85000,116.05000,111.30000,113.13000,85636
1999.02.07,00:00,112.99000,115.83000,112.68000,114.00000,82542
1999.02.14,00:00,114.08000,121.50000,113.75000,121.30000,81570
1999.02.21,00:00,121.45000,122.57000,118.43000,119.18000,93997
1999.02.28,00:00,119.30000,123.80000,118.84000,122.73000,88623
1999.03.07,00:00,122.88000,123.21000,118.62000,118.65000,92716
1999.03.14,00:00,119.08000,119.42000,116.84000,117.22000,92444
1999.03.21,00:00,116.93000,120.54000,116.89000,120.33000,88993
1999.03.28,00:00,120.49000,121.00000,118.10000,120.54000,65480
1999.04.04,00:00,121.39000,122.05000,120.34000,120.94000,71501
1999.04.11,00:00,120.90000,120.99000,117.40000,117.87000,80450
1999.04.18,00:00,117.85000,120.48000,117.45000,119.25000,80766
1999.04.25,00:00,119.25000,120.60000,118.29000,119.50000,84366
1999.05.02,00:00,119.51000,121.51000,119.37000,120.81000,74206
1999.05.09,00:00,120.85000,122.90000,120.22000,122.86000,71633
1999.05.16,00:00,122.83000,124.85000,122.46000,123.97000,86716
1999.05.23,00:00,124.10000,124.58000,119.70000,121.61000,77194
1999.05.30,00:00,121.73000,122.54000,120.30000,122.35000,76836
1999.06.06,00:00,122.37000,122.46000,117.61000,117.90000,98039
1999.06.13,00:00,118.09000,120.98000,117.85000,120.43000,83518
1999.06.20,00:00,120.75000,122.65000,120.56000,121.48000,80509
1999.06.27,00:00,121.40000,122.00000,120.50000,120.97000,68929
1999.07.04,00:00,121.02000,122.93000,120.84000,122.37000,69389
1999.07.11,00:00,122.30000,122.57000,120.23000,120.99000,70790
1999.07.18,00:00,120.97000,121.10000,116.06000,116.56000,84308
1999.07.25,00:00,116.85000,117.45000,114.25000,114.47000,85369
1999.08.01,00:00,114.84000,115.75000,113.57000,114.85000,91312
1999.08.08,00:00,115.01000,116.40000,114.31000,115.85000,86743
1999.08.15,00:00,115.80000,115.96000,110.69000,111.25000,97325
1999.08.22,00:00,111.24000,112.89000,110.39000,111.45000,105474
1999.08.29,00:00,111.21000,111.30000,108.62000,110.04000,91475
1999.09.05,00:00,109.81000,111.47000,107.50000,108.73000,94094
1999.09.12,00:00,108.81000,109.20000,103.15000,107.18000,112337
1999.09.19,00:00,107.43000,108.25000,103.42000,104.20000,107434
1999.09.26,00:00,105.54000,107.34000,103.83000,105.11000,111498
1999.10.03,00:00,105.08000,108.06000,104.55000,107.37000,105141
1999.10.10,00:00,107.39000,108.05000,105.18000,105.25000,105207
1999.10.17,00:00,105.29000,106.72000,104.74000,105.88000,106219
1999.10.24,00:00,105.87000,106.28000,103.62000,104.02000,119698
1999.10.31,00:00,104.10000,106.66000,103.37000,105.93000,129554
1999.11.07,00:00,106.04000,106.45000,104.34000,105.45000,104101
1999.11.14,00:00,105.40000,106.63000,104.47000,106.40000,96817
1999.11.21,00:00,106.35000,106.63000,101.22000,101.82000,103948
1999.11.28,00:00,102.14000,104.08000,101.30000,102.79000,92087
1999.12.05,00:00,102.70000,103.54000,102.00000,102.19000,78691
1999.12.12,00:00,102.32000,103.90000,102.20000,103.25000,75646
1999.12.19,00:00,103.19000,103.45000,101.23000,102.91000,93309
1999.12.26,00:00,102.84000,103.02000,101.75000,102.26000,62994
2000.01.02,00:00,102.20000,105.96000,101.33000,105.41000,95930
2000.01.09,00:00,105.26000,106.63000,104.28000,105.93000,105231
2000.01.16,00:00,105.90000,106.16000,104.24000,104.80000,104261
2000.01.23,00:00,104.96000,107.30000,104.48000,107.20000,118458
2000.01.30,00:00,107.14000,109.10000,106.54000,107.15000,126533
2000.02.06,00:00,107.19000,109.80000,107.10000,109.63000,120157
2000.02.13,00:00,108.64000,111.32000,108.57000,110.98000,31928
2000.02.20,00:00,110.71000,111.78000,110.09000,110.28000,81854
2000.02.27,00:00,109.82000,110.48000,106.53000,107.75000,99226
2000.03.05,00:00,107.78000,108.18000,105.76000,106.33000,28793
2000.03.12,00:00,106.56000,106.83000,104.59000,106.74000,89228
2000.03.19,00:00,106.84000,107.84000,106.22000,106.87000,119482
2000.03.26,00:00,106.78000,107.20000,104.78000,105.61000,89116
2000.04.02,00:00,103.96000,105.66000,103.88000,105.42000,86907
2000.04.09,00:00,105.36000,107.20000,104.70000,104.80000,87514
2000.04.16,00:00,104.71000,105.94000,103.18000,105.76000,79100
2000.04.23,00:00,105.69000,108.36000,105.01000,108.14000,84247
2000.04.30,00:00,107.74000,109.71000,107.63000,108.44000,11355
2000.05.07,00:00,108.79000,109.96000,108.04000,108.83000,56938
2000.05.14,00:00,108.64000,110.08000,106.25000,106.99000,80891
2000.05.21,00:00,107.02000,108.04000,106.37000,107.25000,74638
2000.05.28,00:00,106.94000,109.12000,106.01000,108.05000,67521
2000.06.04,00:00,107.92000,108.31000,104.98000,106.96000,68089
2000.06.11,00:00,106.82000,107.23000,105.82000,106.39000,79810
2000.06.18,00:00,106.35000,106.53000,103.86000,104.52000,82133
2000.06.25,00:00,104.59000,106.42000,104.22000,106.14000,63701
2000.07.02,00:00,106.05000,108.02000,105.25000,107.95000,64415
2000.07.09,00:00,107.83000,108.54000,106.53000,107.75000,1006
2000.07.16,00:00,107.70000,109.25000,107.25000,109.04000,951
2000.07.23,00:00,108.72000,109.87000,108.43000,109.72000,766
2000.07.30,00:00,109.58000,109.84000,107.88000,108.60000,825
2000.08.06,00:00,108.55000,109.30000,107.45000,108.53000,781
2000.08.13,00:00,108.63000,109.69000,108.04000,108.40000,754
2000.08.20,00:00,108.26000,108.80000,106.54000,106.87000,758
2000.08.27,00:00,106.75000,106.87000,105.52000,105.95000,673
2000.09.03,00:00,105.89000,106.54000,104.75000,106.15000,783
2000.09.10,00:00,106.10000,107.78000,105.80000,107.15000,603
2000.09.17,00:00,107.11000,108.20000,106.29000,108.00000,682
2000.09.24,00:00,107.95000,108.57000,107.15000,108.13000,665
2000.10.01,00:00,108.13000,109.68000,108.05000,108.90000,605
2000.10.08,00:00,108.87000,109.20000,107.30000,107.92000,712
2000.10.15,00:00,107.67000,109.23000,107.39000,109.00000,705
2000.10.22,00:00,108.94000,109.12000,107.58000,108.65000,615
2000.10.29,00:00,108.65000,109.37000,106.81000,107.13000,671
2000.11.05,00:00,107.19000,108.03000,106.85000,107.95000,661
2000.11.12,00:00,107.86000,109.19000,107.35000,108.88000,587
2000.11.19,00:00,108.85000,111.49000,108.80000,111.32000,773
2000.11.26,00:00,111.18000,112.05000,109.77000,111.33000,990
2000.12.03,00:00,111.36000,111.51000,110.12000,110.98000,840
2000.12.10,00:00,111.39000,112.90000,110.50000,112.57000,821
2000.12.17,00:00,112.51000,113.21000,111.75000,112.95000,773
2000.12.24,00:00,112.90000,115.13000,112.70000,114.46000,653
2000.12.31,00:00,114.44000,116.94000,113.50000,116.55000,841
2001.01.07,00:00,116.56000,118.50000,115.60000,118.42000,978
2001.01.14,00:00,118.40000,119.91000,116.88000,117.23000,1416
2001.01.21,00:00,117.05000,118.54000,116.14000,117.40000,1109
2001.01.28,00:00,117.47000,117.78000,114.88000,115.75000,1055
2001.02.04,00:00,115.66000,117.80000,114.28000,117.58000,993
2001.02.11,00:00,117.61000,118.03000,114.50000,115.80000,884
2001.02.18,00:00,115.99000,117.21000,115.18000,115.85000,1020
2001.02.25,00:00,115.86000,119.39000,115.75000,119.02000,893
2001.03.04,00:00,119.14000,120.47000,118.20000,119.57000,50810
2001.03.11,00:00,119.59000,123.24000,119.27000,123.06000,87243
2001.03.18,00:00,122.96000,124.42000,121.96000,122.82000,85234
2001.03.25,00:00,123.01000,126.37000,121.37000,126.33000,88421
2001.04.01,00:00,126.36000,126.90000,123.50000,123.82000,86864
2001.04.08,00:00,124.08000,125.54000,122.90000,124.19000,65847
2001.04.15,00:00,124.15000,125.02000,120.89000,122.43000,69297
2001.04.22,00:00,121.90000,124.41000,121.05000,124.10000,74815
2001.04.29,00:00,124.03000,124.24000,120.56000,121.38000,73936
2001.05.06,00:00,121.30000,122.91000,120.75000,122.43000,73214
2001.05.13,00:00,122.48000,124.13000,122.38000,123.58000,76063
2001.05.20,00:00,123.66000,123.80000,118.80000,120.70000,80557
2001.05.27,00:00,120.47000,121.45000,118.30000,119.32000,69250
2001.06.03,00:00,119.14000,121.02000,118.69000,120.92000,47936
2001.06.10,00:00,120.88000,123.29000,120.82000,122.98000,45474
2001.06.17,00:00,123.04000,124.79000,122.52000,124.55000,52440
2001.06.24,00:00,124.28000,124.99000,123.24000,124.64000,48848
2001.07.01,00:00,124.73000,126.21000,123.64000,125.93000,65790
2001.07.08,00:00,125.76000,126.00000,123.49000,125.00000,59003
2001.07.15,00:00,124.67000,125.72000,122.66000,123.07000,35103
2001.07.22,00:00,123.06000,124.55000,123.06000,123.56000,38306
2001.07.29,00:00,123.25000,125.43000,123.20000,123.66000,24916
2001.08.05,00:00,123.70000,124.33000,121.38000,122.00000,30343
2001.08.12,00:00,121.95000,123.21000,119.07000,120.24000,28525
2001.08.19,00:00,120.31000,120.98000,119.33000,120.02000,23779
2001.08.26,00:00,120.19000,120.86000,118.45000,118.80000,56091
2001.09.02,00:00,119.08000,121.58000,118.57000,120.06000,61464
2001.09.09,00:00,120.14000,122.13000,116.89000,117.35000,58382
2001.09.16,00:00,117.55000,118.43000,115.75000,116.64000,103769
2001.09.23,00:00,116.90000,120.08000,116.28000,119.53000,81845
2001.09.30,00:00,119.43000,121.55000,119.33000,120.52000,71756
2001.10.07,00:00,120.31000,121.80000,119.57000,121.08000,54774
2001.10.14,00:00,120.89000,121.95000,120.42000,121.23000,62299
2001.10.21,00:00,121.18000,123.41000,121.14000,122.69000,58263
2001.10.28,00:00,122.69000,122.82000,121.33000,121.67000,55165
2001.11.04,00:00,121.63000,122.16000,119.74000,120.35000,55271
2001.11.11,00:00,120.38000,122.98000,119.71000,122.92000,56043
2001.11.18,00:00,122.84000,124.54000,122.50000,124.26000,126233
2001.11.25,00:00,124.43000,124.63000,122.79000,123.46000,141592
2001.12.02,00:00,123.37000,125.81000,123.25000,125.59000,148933
2001.12.09,00:00,125.61000,128.01000,125.47000,127.42000,138429
2001.12.16,00:00,127.33000,129.75000,127.11000,129.62000,143553
2001.12.23,00:00,129.58000,132.10000,129.29000,131.09000,79115
2001.12.30,00:00,131.31000,132.33000,130.59000,130.97000,78919
2002.01.06,00:00,130.87000,133.42000,130.35000,132.20000,142969
2002.01.13,00:00,132.02000,133.08000,130.86000,132.55000,114624
2002.01.20,00:00,132.65000,134.98000,131.99000,134.43000,64608
2002.01.27,00:00,134.87000,135.19000,132.33000,133.01000,58441
2002.02.03,00:00,133.17000,135.03000,131.94000,134.74000,143839
2002.02.10,00:00,134.91000,135.06000,131.84000,132.57000,144024
2002.02.17,00:00,132.70000,134.54000,132.40000,134.06000,101507
2002.02.24,00:00,134.14000,135.01000,133.01000,133.42000,146878
2002.03.03,00:00,133.57000,133.61000,126.41000,128.61000,133822
2002.03.10,00:00,128.67000,129.67000,127.73000,129.08000,147055
2002.03.17,00:00,129.28000,132.97000,129.21000,132.91000,150133
2002.03.24,00:00,132.81000,133.50000,132.16000,132.75000,154058
2002.03.31,00:00,132.75000,133.86000,131.29000,131.68000,151468
2002.04.07,00:00,131.75000,132.28000,130.18000,131.95000,151116
2002.04.14,00:00,132.06000,132.41000,129.57000,130.36000,148642
2002.04.21,00:00,130.66000,130.71000,127.75000,127.90000,149674
2002.04.28,00:00,127.91000,128.69000,126.82000,126.94000,147947
2002.05.05,00:00,127.01000,129.10000,126.75000,127.62000,115361
2002.05.12,00:00,127.68000,128.82000,125.50000,125.97000,156712
2002.05.19,00:00,125.99000,126.23000,123.49000,124.77000,166645
2002.05.26,00:00,124.79000,125.10000,122.80000,124.11000,133060
2002.06.02,00:00,124.26000,125.08000,123.24000,124.34000,145068
2002.06.09,00:00,124.43000,125.94000,123.91000,124.15000,131791
2002.06.16,00:00,124.21000,124.86000,120.80000,121.16000,134961
2002.06.23,00:00,121.73000,122.77000,118.34000,119.58000,164780
2002.06.30,00:00,119.73000,120.78000,119.24000,120.42000,141502
2002.07.07,00:00,120.05000,120.20000,116.44000,116.91000,166226
2002.07.14,00:00,117.04000,117.34000,115.48000,115.90000,143004
2002.07.21,00:00,115.92000,119.07000,115.73000,118.83000,144864
2002.07.28,00:00,118.90000,120.43000,118.45000,118.92000,140011
2002.08.04,00:00,118.86000,121.38000,118.61000,120.11000,151337
2002.08.11,00:00,120.15000,120.19000,116.28000,117.71000,130624
2002.08.18,00:00,117.64000,120.31000,117.40000,119.60000,133746
2002.08.25,00:00,119.55000,119.95000,117.45000,118.36000,56239
2002.09.01,00:00,118.51000,118.92000,116.84000,118.54000,141893
2002.09.08,00:00,118.56000,122.29000,118.16000,121.73000,177804
2002.09.15,00:00,121.95000,123.74000,120.90000,123.32000,196058
2002.09.22,00:00,123.59000,124.25000,121.81000,122.53000,41824
2002.09.29,00:00,122.62000,123.38000,121.10000,123.18000,35770
2002.10.06,00:00,123.26000,124.66000,122.98000,124.03000,35504
2002.10.13,00:00,124.09000,125.59000,123.77000,125.53000,36612
2002.10.20,00:00,125.46000,125.67000,123.59000,124.31000,28744
2002.10.27,00:00,124.23000,125.00000,121.60000,122.23000,28307
2002.11.03,00:00,122.17000,122.66000,119.53000,119.80000,21397
2002.11.10,00:00,119.88000,120.94000,119.09000,120.47000,21806
2002.11.17,00:00,120.43000,123.02000,120.26000,122.92000,23646
2002.11.24,00:00,123.06000,123.21000,121.32000,122.47000,19815
2002.12.01,00:00,122.62000,125.75000,122.10000,123.55000,30874
2002.12.08,00:00,123.48000,124.08000,120.30000,120.52000,30031
2002.12.15,00:00,120.54000,121.71000,120.19000,120.37000,29926
2002.12.22,00:00,120.30000,120.80000,119.79000,119.86000,12796
2002.12.29,00:00,119.88000,120.31000,118.29000,119.68000,15875
2003.01.05,00:00,119.86000,120.63000,118.53000,119.25000,30040
2003.01.12,00:00,119.21000,119.47000,117.39000,117.78000,29366
2003.01.19,00:00,117.96000,119.18000,117.51000,117.81000,28749
2003.01.26,00:00,117.84000,120.10000,117.53000,119.92000,32732
2003.02.02,00:00,119.79000,120.93000,119.04000,120.25000,33624
2003.02.09,00:00,120.35000,121.80000,120.09000,120.33000,31056
2003.02.16,00:00,120.42000,120.81000,118.10000,118.62000,22372
2003.02.23,00:00,118.81000,118.95000,116.83000,118.12000,20559
2003.03.02,00:00,118.21000,118.31000,116.34000,117.06000,20791
2003.03.09,00:00,117.09000,118.78000,116.40000,118.28000,25261
2003.03.16,00:00,118.15000,121.90000,117.56000,121.68000,30757
2003.03.23,00:00,121.12000,121.35000,119.34000,119.84000,25181
2003.03.30,00:00,119.82000,120.21000,117.58000,119.97000,29064
2003.04.06,00:00,120.36000,120.91000,119.14000,120.50000,27547
2003.04.13,00:00,120.62000,120.86000,118.91000,119.76000,22340
2003.04.20,00:00,119.65000,121.17000,119.34000,120.25000,25600
2003.04.27,00:00,120.19000,120.75000,118.13000,119.06000,26237
2003.05.04,00:00,119.04000,119.12000,115.99000,117.36000,25187
2003.05.11,00:00,117.28000,117.58000,115.29000,116.05000,26684
2003.05.18,00:00,115.58000,117.81000,115.09000,116.89000,25143
2003.05.25,00:00,116.84000,119.67000,116.19000,119.33000,29593
2003.06.01,00:00,119.63000,119.71000,117.32000,118.72000,49684
2003.06.08,00:00,118.74000,118.83000,117.17000,117.43000,42834
2003.06.15,00:00,117.38000,119.15000,117.16000,118.49000,44798
2003.06.22,00:00,118.56000,120.04000,117.31000,119.62000,40748
2003.06.29,00:00,119.71000,120.27000,117.87000,118.08000,44157
2003.07.06,00:00,118.07000,118.74000,117.37000,117.94000,43250
2003.07.13,00:00,117.81000,119.28000,116.63000,118.47000,42169
2003.07.20,00:00,118.63000,119.43000,118.23000,118.75000,45416
2003.07.27,00:00,118.76000,120.72000,118.73000,120.12000,46858
2003.08.03,00:00,119.95000,120.67000,118.82000,119.12000,48781
2003.08.10,00:00,119.02000,119.70000,118.19000,119.17000,99450
2003.08.17,00:00,119.17000,119.80000,117.27000,117.54000,34722
2003.08.24,00:00,117.52000,118.01000,116.13000,116.96000,37424
2003.08.31,00:00,116.62000,117.25000,115.76000,116.81000,30281
2003.09.07,00:00,117.11000,117.79000,116.13000,117.30000,28019
2003.09.14,00:00,117.35000,117.68000,113.49000,114.05000,39588
2003.09.21,00:00,112.78000,112.79000,110.93000,111.68000,57730
2003.09.28,00:00,111.61000,112.14000,110.09000,110.94000,53168
2003.10.05,00:00,111.00000,111.40000,108.26000,108.65000,48669
2003.10.12,00:00,108.47000,110.33000,108.29000,109.39000,33775
2003.10.19,00:00,108.84000,110.61000,108.77000,109.39000,37435
2003.10.26,00:00,108.93000,110.25000,107.84000,109.86000,36916
2003.11.02,00:00,109.79000,111.53000,109.00000,109.30000,35086
2003.11.09,00:00,109.52000,109.67000,107.84000,108.29000,33293
2003.11.16,00:00,108.25000,109.77000,107.53000,108.77000,41513
2003.11.23,00:00,108.87000,110.08000,108.82000,109.52000,28267
2003.11.30,00:00,109.87000,110.06000,107.52000,107.68000,35345
2003.12.07,00:00,107.52000,108.78000,106.70000,107.74000,29810
2003.12.14,00:00,108.11000,108.22000,107.21000,107.83000,27207
2003.12.21,00:00,107.89000,107.96000,106.91000,107.19000,11253
2003.12.28,00:00,107.34000,107.76000,106.65000,106.94000,10883
2004.01.04,00:00,106.97000,108.32000,105.88000,106.37000,18721
2004.01.11,00:00,106.64000,107.01000,105.69000,106.74000,29310
2004.01.18,00:00,106.69000,107.95000,105.73000,106.57000,44480
2004.01.25,00:00,106.73000,106.76000,105.42000,105.76000,43158
2004.02.01,00:00,105.64000,106.82000,105.21000,105.46000,34718
2004.02.08,00:00,105.73000,105.93000,105.15000,105.48000,28373
2004.02.15,00:00,105.48000,109.37000,105.38000,109.06000,36868
2004.02.22,00:00,108.84000,109.86000,108.03000,108.96000,43924
2004.02.29,00:00,109.07000,112.32000,108.88000,112.07000,40539
2004.03.07,00:00,112.07000,112.36000,110.19000,110.89000,42801
2004.03.14,00:00,110.81000,111.10000,106.39000,106.77000,51232
2004.03.21,00:00,106.92000,107.67000,105.52000,105.95000,46614
2004.03.28,00:00,105.67000,106.25000,103.39000,104.56000,51536
2004.04.04,00:00,104.18000,107.26000,104.15000,106.46000,51481
2004.04.11,00:00,106.27000,109.30000,105.04000,107.79000,52465
2004.04.18,00:00,107.79000,109.92000,107.58000,109.00000,52789
2004.04.25,00:00,109.15000,111.06000,108.29000,110.50000,60105
2004.05.02,00:00,110.42000,112.50000,108.32000,112.20000,53181
2004.05.09,00:00,112.20000,114.92000,112.18000,114.22000,65655
2004.05.16,00:00,114.27000,114.73000,111.73000,112.22000,70072
2004.05.23,00:00,112.34000,113.34000,110.02000,110.32000,60722
2004.05.30,00:00,110.34000,112.02000,109.03000,111.03000,62564
2004.06.06,00:00,110.85000,111.02000,108.64000,110.04000,62945
2004.06.13,00:00,110.32000,111.50000,108.53000,108.81000,67038
2004.06.20,00:00,108.71000,109.42000,107.00000,107.68000,56382
2004.06.27,00:00,107.49000,109.62000,107.41000,108.42000,67627
2004.07.04,00:00,108.26000,109.76000,107.91000,108.32000,59408
2004.07.11,00:00,107.69000,110.08000,107.54000,108.74000,65276
2004.07.18,00:00,108.83000,110.34000,108.08000,110.13000,60552
2004.07.25,00:00,110.17000,112.51000,109.40000,111.20000,69534
2004.08.01,00:00,111.20000,111.93000,109.79000,110.37000,66492
2004.08.08,00:00,110.37000,112.10000,110.11000,110.68000,58278
2004.08.15,00:00,110.68000,111.03000,108.94000,109.27000,59579
2004.08.22,00:00,109.27000,110.50000,108.99000,109.66000,59074
2004.08.29,00:00,109.66000,110.72000,108.75000,110.49000,36873
2004.09.05,00:00,110.49000,110.62000,109.04000,109.59000,37340
2004.09.12,00:00,109.59000,110.42000,109.30000,109.88000,40437
2004.09.19,00:00,109.96000,110.94000,109.57000,110.62000,37724
2004.09.26,00:00,110.55000,111.73000,109.78000,110.42000,42317
2004.10.03,00:00,110.42000,111.49000,109.30000,109.51000,33909
2004.10.10,00:00,109.51000,110.23000,108.78000,109.23000,29744
2004.10.17,00:00,109.22000,109.62000,107.18000,107.25000,30645
2004.10.24,00:00,107.31000,107.41000,105.78000,105.81000,42101
2004.10.31,00:00,105.78000,106.91000,105.51000,105.59000,41726
2004.11.07,00:00,105.58000,107.33000,105.26000,105.51000,44985
2004.11.14,00:00,105.42000,105.69000,102.67000,103.07000,46627
2004.11.21,00:00,103.07000,103.74000,102.13000,102.60000,122951
2004.11.28,00:00,102.68000,103.63000,101.82000,102.08000,307935
2004.12.05,00:00,102.03000,106.22000,102.01000,105.15000,67084
2004.12.12,00:00,105.48000,105.83000,103.42000,104.40000,102574
2004.12.19,00:00,104.23000,104.71000,103.43000,103.65000,39727
2004.12.26,00:00,103.75000,104.31000,102.32000,102.46000,36602
2005.01.02,00:00,103.17000,105.21000,102.43000,104.83000,59275
2005.01.09,00:00,104.66000,104.84000,101.74000,102.00000,52639
2005.01.16,00:00,102.02000,103.95000,101.64000,102.71000,55872
2005.01.23,00:00,102.84000,104.37000,102.36000,103.39000,52018
2005.01.30,00:00,103.62000,104.78000,103.33000,104.01000,80937
2005.02.06,00:00,104.33000,106.88000,104.04000,105.77000,50109
2005.02.13,00:00,105.48000,105.91000,104.28000,105.64000,45131
2005.02.20,00:00,105.64000,105.82000,103.80000,105.16000,95001
2005.02.27,00:00,104.86000,105.66000,104.09000,104.72000,128408
2005.03.06,00:00,104.72000,105.39000,103.64000,104.02000,181439
2005.03.13,00:00,103.82000,105.22000,103.79000,104.68000,62152
2005.03.20,00:00,104.69000,106.60000,104.64000,106.37000,84388
2005.03.27,00:00,106.51000,107.81000,106.48000,107.57000,84037
2005.04.03,00:00,107.68000,108.92000,107.58000,108.31000,78599
2005.04.10,00:00,108.36000,108.59000,107.13000,107.76000,93083
2005.04.17,00:00,107.69000,108.07000,105.75000,106.05000,88681
2005.04.24,00:00,105.66000,106.43000,104.61000,104.85000,84558
2005.05.01,00:00,105.15000,105.46000,104.19000,105.00000,71881
2005.05.08,00:00,105.13000,107.44000,104.90000,107.37000,75824
2005.05.15,00:00,107.28000,108.30000,106.55000,108.15000,76949
2005.05.22,00:00,108.18000,108.32000,107.23000,107.95000,70231
2005.05.29,00:00,107.98000,108.89000,107.44000,107.72000,82402
2005.06.05,00:00,107.71000,108.68000,106.49000,108.62000,72916
2005.06.12,00:00,108.63000,109.74000,108.43000,108.68000,80032
2005.06.19,00:00,108.81000,109.63000,108.15000,109.07000,84462
2005.06.26,00:00,109.17000,111.81000,109.13000,111.75000,90527
2005.07.03,00:00,111.67000,112.62000,111.32000,112.16000,120493
2005.07.10,00:00,112.18000,112.43000,110.74000,112.22000,83232
2005.07.17,00:00,112.30000,113.73000,109.87000,111.34000,115806
2005.07.24,00:00,111.29000,112.89000,111.22000,112.43000,144291
2005.07.31,00:00,112.58000,112.78000,110.75000,111.99000,168578
2005.08.07,00:00,112.06000,112.63000,109.30000,109.40000,104401
2005.08.14,00:00,109.42000,110.85000,109.05000,110.41000,40236
2005.08.21,00:00,110.42000,110.75000,109.36000,110.22000,29564
2005.08.28,00:00,110.18000,111.80000,109.20000,109.64000,33887
2005.09.04,00:00,109.74000,110.76000,108.75000,109.71000,31646
2005.09.11,00:00,109.04000,111.47000,109.02000,111.37000,33103
2005.09.18,00:00,111.37000,112.47000,110.97000,112.43000,29391
2005.09.25,00:00,112.54000,113.72000,112.08000,113.52000,31074
2005.10.02,00:00,113.41000,114.43000,113.00000,113.78000,32127
2005.10.09,00:00,113.78000,115.11000,113.56000,114.02000,26350
2005.10.16,00:00,114.14000,116.00000,113.76000,115.91000,31338
2005.10.23,00:00,115.92000,116.24000,114.60000,115.67000,31306
2005.10.30,00:00,115.71000,118.35000,115.54000,118.28000,27215
2005.11.06,00:00,118.27000,118.40000,116.85000,117.87000,27808
2005.11.13,00:00,118.02000,119.59000,117.85000,119.14000,71997
2005.11.20,00:00,119.19000,119.70000,118.21000,119.61000,76548
2005.11.27,00:00,119.59000,121.24000,118.35000,120.53000,72652
2005.12.04,00:00,121.06000,121.40000,119.98000,120.64000,33902
2005.12.11,00:00,120.74000,121.08000,115.61000,115.74000,57305
2005.12.18,00:00,115.57000,117.66000,115.53000,116.26000,33090
2005.12.25,00:00,117.21000,118.20000,116.84000,117.95000,32212
2006.01.01,00:00,117.18000,117.59000,114.23000,114.43000,34779
2006.01.08,00:00,114.55000,114.91000,113.40000,114.25000,42508
2006.01.15,00:00,114.21000,115.94000,113.78000,115.25000,39406
2006.01.22,00:00,115.23000,117.44000,114.14000,117.26000,42038
2006.01.29,00:00,117.23000,119.42000,116.70000,118.89000,38221
2006.02.05,00:00,118.79000,119.19000,116.87000,117.91000,40121
2006.02.12,00:00,117.77000,118.89000,116.76000,118.24000,35128
2006.02.19,00:00,118.20000,119.00000,116.41000,116.88000,36213
2006.02.26,00:00,116.88000,117.17000,115.44000,116.41000,39663
2006.03.05,00:00,116.36000,119.16000,116.04000,118.98000,39728
2006.03.12,00:00,118.90000,119.20000,115.70000,115.84000,35678
2006.03.19,00:00,115.98000,118.52000,115.51000,117.46000,35173
2006.03.26,00:00,117.58000,118.23000,116.27000,117.70000,49826
2006.04.02,00:00,117.78000,118.80000,116.68000,118.29000,81116
2006.04.09,00:00,118.18000,118.90000,117.82000,118.66000,49262
2006.04.16,00:00,118.56000,118.61000,116.60000,116.68000,36758
2006.04.23,00:00,115.61000,115.98000,113.67000,113.88000,45555
2006.04.30,00:00,113.71000,114.20000,112.25000,112.48000,42235
2006.05.07,00:00,112.03000,112.18000,109.32000,110.05000,50667
2006.05.14,00:00,109.58000,112.25000,108.98000,111.72000,53980
2006.05.21,00:00,111.70000,112.98000,110.96000,112.71000,52721
2006.05.28,00:00,112.53000,113.39000,111.31000,111.60000,40358
2006.06.04,00:00,111.67000,114.73000,111.43000,113.95000,74410
2006.06.11,00:00,114.16000,115.45000,113.97000,115.13000,75295
2006.06.18,00:00,115.18000,116.61000,114.37000,116.56000,67100
2006.06.25,00:00,116.54000,116.72000,114.17000,114.44000,69382
2006.07.02,00:00,114.39000,115.80000,113.81000,113.95000,35567
2006.07.09,00:00,114.01000,116.39000,113.43000,116.25000,36029
2006.07.16,00:00,116.22000,117.90000,115.81000,116.19000,35407
2006.07.23,00:00,116.14000,117.40000,114.60000,114.78000,34145
2006.07.30,00:00,114.63000,115.56000,113.98000,114.42000,31181
2006.08.06,00:00,114.23000,116.46000,114.16000,116.28000,38852
2006.08.13,00:00,116.31000,116.77000,115.19000,115.78000,30954
2006.08.20,00:00,115.77000,117.42000,115.34000,117.31000,41131
2006.08.27,00:00,117.23000,117.51000,116.51000,117.11000,80308
2006.09.03,00:00,117.09000,117.11000,115.57000,116.90000,78864
2006.09.10,00:00,116.86000,118.16000,116.61000,117.54000,88694
2006.09.17,00:00,117.26000,118.30000,116.08000,116.52000,60908
2006.09.24,00:00,116.52000,118.19000,116.13000,118.12000,31630
2006.10.01,00:00,118.16000,119.12000,117.39000,119.00000,25392
2006.10.08,00:00,118.93000,119.89000,118.83000,119.68000,44794
2006.10.15,00:00,119.68000,119.82000,118.05000,118.68000,66272
2006.10.22,00:00,118.74000,119.68000,117.14000,117.58000,62621
2006.10.29,00:00,117.48000,118.20000,116.56000,118.03000,68872
2006.11.05,00:00,118.08000,118.61000,117.17000,117.59000,78254
2006.11.12,00:00,117.57000,118.48000,117.12000,117.76000,51120
2006.11.19,00:00,117.88000,118.28000,115.58000,115.80000,29416
2006.11.26,00:00,115.52000,116.57000,114.97000,115.47000,38694
2006.12.03,00:00,115.43000,116.51000,114.43000,116.34000,55166
2006.12.10,00:00,116.42000,118.31000,116.16000,118.06000,49072
2006.12.17,00:00,117.94000,118.95000,117.69000,118.76000,29363
2006.12.24,00:00,118.90000,119.22000,118.28000,119.03000,21090
2006.12.31,00:00,118.74000,119.67000,117.97000,118.66000,23129
2007.01.07,00:00,118.63000,120.73000,118.10000,120.35000,31192
2007.01.14,00:00,120.38000,121.58000,120.05000,121.22000,30208
2007.01.21,00:00,121.23000,121.78000,120.17000,121.59000,35804
2007.01.28,00:00,121.46000,122.18000,120.09000,121.02000,44619
2007.02.04,00:00,121.06000,121.74000,119.95000,121.66000,34314
2007.02.11,00:00,121.79000,122.09000,118.97000,119.33000,37821
2007.02.18,00:00,119.37000,121.63000,119.22000,121.02000,33139
2007.02.25,00:00,121.03000,121.06000,116.41000,116.84000,47858
2007.03.04,00:00,116.73000,118.36000,115.14000,118.22000,50231
2007.03.11,00:00,118.31000,118.48000,115.75000,116.77000,47322
2007.03.18,00:00,116.41000,118.29000,116.24000,118.05000,39384
2007.03.25,00:00,118.07000,118.42000,116.37000,117.82000,41629
2007.04.01,00:00,117.52000,119.38000,117.45000,119.28000,27497
2007.04.08,00:00,119.27000,119.56000,118.21000,119.15000,30223
2007.04.15,00:00,119.16000,119.86000,117.60000,118.72000,39263
2007.04.22,00:00,118.72000,119.75000,118.22000,119.47000,33296
2007.04.29,00:00,119.32000,120.46000,119.06000,120.12000,27995
2007.05.06,00:00,120.06000,120.52000,119.46000,120.10000,31438
2007.05.13,00:00,120.25000,121.38000,120.04000,121.07000,28278
2007.05.20,00:00,121.10000,121.86000,120.84000,121.72000,26732
2007.05.27,00:00,121.73000,122.12000,121.17000,122.02000,24040
2007.06.03,00:00,122.03000,122.10000,120.76000,121.72000,31661
2007.06.10,00:00,121.71000,123.65000,121.49000,123.46000,27728
2007.06.17,00:00,123.45000,124.13000,123.09000,123.79000,24681
2007.06.24,00:00,123.77000,123.93000,122.22000,123.12000,34512
2007.07.01,00:00,123.11000,123.54000,122.07000,123.38000,24888
2007.07.08,00:00,123.37000,123.65000,120.98000,122.00000,37552
2007.07.15,00:00,121.92000,122.42000,120.85000,121.20000,30152
2007.07.22,00:00,121.59000,121.68000,118.01000,118.80000,51681
2007.07.29,00:00,118.44000,119.48000,117.59000,118.05000,56364
2007.08.05,00:00,117.55000,119.82000,117.18000,118.52000,58241
2007.08.12,00:00,118.20000,118.55000,111.58000,114.20000,93825
2007.08.19,00:00,114.19000,117.13000,113.67000,116.38000,69429
2007.08.26,00:00,116.40000,116.74000,113.85000,115.77000,60286
2007.09.02,00:00,115.70000,116.46000,113.12000,113.40000,45892
2007.09.09,00:00,113.06000,115.48000,112.60000,115.28000,50013
2007.09.16,00:00,115.22000,116.36000,113.98000,115.37000,44326
2007.09.23,00:00,115.40000,115.87000,114.02000,114.85000,38731
2007.09.30,00:00,114.75000,117.26000,114.72000,116.89000,36023
2007.10.07,00:00,116.90000,117.77000,116.80000,117.60000,32434
2007.10.14,00:00,117.53000,117.93000,114.55000,114.58000,47864
2007.10.21,00:00,114.12000,115.02000,113.25000,114.22000,52751
2007.10.28,00:00,114.14000,115.91000,114.03000,114.79000,46699
2007.11.04,00:00,114.75000,114.80000,110.49000,110.65000,62800
2007.11.11,00:00,110.25000,111.74000,109.12000,110.92000,67867
2007.11.18,00:00,110.85000,111.05000,107.54000,108.32000,58140
2007.11.25,00:00,108.41000,111.21000,107.21000,111.11000,62267
2007.12.02,00:00,111.02000,111.77000,109.55000,111.69000,41860
2007.12.09,00:00,111.40000,113.58000,110.48000,113.40000,44471
2007.12.16,00:00,113.47000,114.19000,112.73000,114.19000,37205
2007.12.23,00:00,114.13000,114.65000,112.62000,112.62000,20167
2007.12.30,00:00,112.56000,112.67000,107.89000,108.45000,35311
2008.01.06,00:00,108.50000,110.12000,108.50000,108.97000,55046
2008.01.13,00:00,108.63000,108.96000,105.89000,106.63000,64619
2008.01.20,00:00,106.70000,107.88000,104.95000,106.81000,72882
2008.01.27,00:00,106.76000,107.45000,105.70000,106.58000,62889
2008.02.03,00:00,106.52000,107.82000,105.91000,107.34000,53398
2008.02.10,00:00,107.32000,108.60000,106.33000,107.81000,46037
2008.02.17,00:00,107.80000,108.35000,106.72000,107.21000,45770
2008.02.24,00:00,107.31000,108.22000,103.79000,103.88000,48216
2008.03.02,00:00,103.61000,104.17000,101.41000,102.84000,55777
2008.03.09,00:00,102.51000,103.59000,98.89000,99.32000,72173
2008.03.16,00:00,99.06000,100.44000,95.73000,99.41000,74022
2008.03.23,00:00,99.42000,101.03000,98.54000,99.19000,57809
2008.03.30,00:00,99.13000,102.93000,98.82000,101.58000,52294
2008.04.06,00:00,101.50000,102.84000,100.02000,100.85000,44700
2008.04.13,00:00,101.41000,104.64000,100.30000,103.70000,55784
2008.04.20,00:00,103.88000,104.81000,102.67000,104.42000,54696
2008.04.27,00:00,104.46000,105.69000,103.21000,105.38000,46523
2008.05.04,00:00,105.20000,105.61000,102.60000,102.95000,48647
2008.05.11,00:00,103.04000,105.43000,102.57000,104.07000,56186
2008.05.18,00:00,104.01000,104.68000,102.73000,103.31000,53601
2008.05.25,00:00,103.26000,105.86000,103.12000,105.41000,48127
2008.06.01,00:00,105.11000,106.42000,103.86000,104.98000,53775
2008.06.08,00:00,104.66000,108.38000,104.41000,108.21000,54900
2008.06.15,00:00,108.04000,108.57000,107.12000,107.25000,46758
2008.06.22,00:00,107.12000,108.41000,105.85000,106.15000,40728
2008.06.29,00:00,106.18000,106.92000,104.97000,106.75000,47191
2008.07.06,00:00,106.76000,107.75000,105.64000,106.38000,45922
2008.07.13,00:00,106.00000,107.08000,103.76000,106.93000,52126
2008.07.20,00:00,106.89000,107.97000,106.05000,107.88000,48579
2008.07.27,00:00,107.77000,108.36000,107.27000,107.74000,46404
2008.08.03,00:00,107.68000,110.36000,107.45000,110.19000,46128
2008.08.10,00:00,110.30000,110.65000,108.36000,110.50000,52192
2008.08.17,00:00,110.53000,110.56000,108.13000,110.04000,56373
2008.08.24,00:00,110.07000,110.28000,108.41000,108.81000,48445
2008.08.31,00:00,108.40000,109.17000,105.51000,107.21000,60355
2008.09.07,00:00,108.68000,109.07000,106.06000,107.87000,84035
2008.09.14,00:00,105.54000,108.01000,103.54000,107.25000,142160
2008.09.21,00:00,106.80000,107.15000,105.02000,106.14000,84485
2008.09.28,00:00,106.12000,106.95000,103.51000,105.14000,98766
2008.10.05,00:00,104.90000,105.14000,97.89000,100.27000,173185
2008.10.12,00:00,100.73000,103.05000,99.25000,101.43000,124049
2008.10.19,00:00,101.57000,102.40000,90.91000,94.63000,133295
2008.10.26,00:00,93.54000,99.70000,91.90000,98.49000,169379
2008.11.02,00:00,98.63000,100.55000,96.75000,98.29000,120603
2008.11.09,00:00,99.28000,99.47000,94.47000,97.09000,123407
2008.11.16,00:00,95.92000,97.54000,93.54000,95.97000,123595
2008.11.23,00:00,95.83000,97.42000,94.59000,95.55000,87470
2008.11.30,00:00,95.49000,95.57000,91.58000,92.98000,95180
2008.12.07,00:00,92.83000,93.90000,88.27000,91.02000,88235
2008.12.14,00:00,91.33000,91.35000,87.13000,89.11000,93252
2008.12.21,00:00,89.12000,90.98000,89.12000,90.68000,34263
2008.12.28,00:00,90.71000,92.41000,89.75000,92.26000,39243
2009.01.04,00:00,91.92000,94.62000,90.15000,90.23000,78974
2009.01.11,00:00,90.08000,90.90000,88.48000,90.58000,80082
2009.01.18,00:00,90.97000,91.29000,87.11000,88.84000,88737
2009.01.25,00:00,88.73000,90.75000,88.25000,89.83000,91789
2009.02.01,00:00,90.00000,92.24000,88.58000,92.01000,82095
2009.02.08,00:00,91.77000,92.41000,89.70000,91.95000,86004
2009.02.15,00:00,91.71000,94.45000,91.41000,93.03000,79100
2009.02.22,00:00,93.41000,98.70000,92.75000,97.58000,92026
2009.03.01,00:00,97.73000,99.67000,96.57000,98.26000,81468
2009.03.08,00:00,98.33000,99.17000,95.66000,98.02000,78618
2009.03.15,00:00,98.09000,98.96000,93.54000,95.88000,72253
2009.03.22,00:00,95.62000,98.86000,95.42000,97.92000,78376
2009.03.29,00:00,98.06000,100.36000,95.95000,100.26000,83232
2009.04.05,00:00,100.15000,101.43000,99.31000,100.29000,65543
2009.04.12,00:00,100.38000,100.71000,98.14000,99.24000,67238
2009.04.19,00:00,99.21000,99.40000,96.63000,97.11000,70306
2009.04.26,00:00,96.79000,99.56000,95.61000,99.25000,69788
2009.05.03,00:00,99.26000,99.74000,97.94000,98.44000,62195
2009.05.10,00:00,98.61000,98.82000,94.72000,95.11000,73494
2009.05.17,00:00,94.84000,96.69000,93.84000,94.80000,70276
2009.05.24,00:00,94.64000,97.24000,94.41000,95.27000,60653
2009.05.31,00:00,95.14000,98.88000,94.44000,98.84000,76291
2009.06.07,00:00,98.59000,98.85000,97.09000,98.36000,69214
2009.06.14,00:00,98.42000,98.56000,95.51000,96.18000,65275
2009.06.21,00:00,96.17000,96.56000,94.87000,95.19000,67127
2009.06.28,00:00,95.13000,96.97000,95.13000,96.08000,48091
2009.07.05,00:00,96.11000,96.13000,91.76000,92.39000,65540
2009.07.12,00:00,92.36000,94.45000,91.72000,94.34000,57870
2009.07.19,00:00,94.25000,95.28000,93.09000,94.74000,51062
2009.07.26,00:00,94.84000,95.87000,94.01000,94.61000,55083
2009.08.02,00:00,94.76000,97.77000,94.35000,97.50000,55708
2009.08.09,00:00,97.69000,97.74000,94.42000,94.80000,54358
2009.08.16,00:00,94.73000,95.28000,93.42000,94.31000,54211
2009.08.23,00:00,94.36000,95.05000,93.21000,93.56000,51275
2009.08.30,00:00,93.28000,93.55000,91.94000,93.00000,49319
2009.09.06,00:00,92.96000,93.29000,90.20000,90.65000,41008
2009.09.13,00:00,90.28000,91.63000,90.12000,91.37000,50902
2009.09.20,00:00,91.31000,92.52000,89.50000,89.84000,48810
2009.09.27,00:00,89.55000,90.40000,88.23000,89.74000,52719
2009.10.04,00:00,89.35000,89.97000,88.00000,89.77000,47994
2009.10.11,00:00,89.53000,91.31000,88.82000,90.86000,50828
2009.10.18,00:00,91.05000,92.11000,90.06000,92.06000,45345
2009.10.25,00:00,92.14000,92.32000,89.91000,90.00000,53996
2009.11.01,00:00,89.67000,91.20000,89.17000,89.95000,46216
2009.11.08,00:00,90.00000,90.60000,89.28000,89.65000,38114
2009.11.15,00:00,89.54000,89.69000,88.63000,89.02000,39838
2009.11.22,00:00,88.82000,89.18000,84.80000,86.56000,45338
2009.11.29,00:00,86.64000,90.76000,85.86000,90.49000,45173
2009.12.06,00:00,90.17000,90.36000,87.35000,89.05000,42924
2009.12.13,00:00,88.94000,90.90000,88.31000,90.33000,42502
2009.12.20,00:00,90.27000,91.86000,90.23000,91.50000,24269
2009.12.27,00:00,91.42000,93.14000,91.40000,93.09000,20604
2010.01.03,00:00,92.97000,93.77000,91.24000,92.60000,47153
2010.01.10,00:00,92.24000,92.41000,90.59000,90.82000,48761
2010.01.17,00:00,90.76000,91.86000,89.77000,89.85000,44453
2010.01.24,00:00,90.22000,90.92000,89.12000,90.24000,46144
2010.01.31,00:00,89.87000,91.26000,88.54000,89.37000,51534
2010.02.07,00:00,89.49000,90.40000,89.13000,89.98000,42350
2010.02.14,00:00,90.10000,92.14000,89.70000,91.60000,33484
2010.02.21,00:00,91.43000,91.89000,88.73000,88.83000,37625
2010.02.28,00:00,88.85000,90.58000,88.12000,90.33000,38274
2010.03.07,00:00,90.39000,91.07000,89.62000,90.45000,31939
2010.03.14,00:00,90.83000,90.83000,89.75000,90.54000,32437
2010.03.21,00:00,90.50000,92.94000,89.82000,92.50000,34963
2010.03.28,00:00,92.45000,94.68000,92.11000,94.55000,34441
2010.04.04,00:00,94.67000,94.78000,92.82000,93.16000,36211
2010.04.11,00:00,92.95000,93.71000,91.89000,92.10000,39567
2010.04.18,00:00,91.85000,94.32000,91.58000,94.02000,37769
2010.04.25,00:00,93.99000,94.57000,92.80000,93.92000,41462
2010.05.02,00:00,93.86000,94.97000,87.95000,91.38000,74709
2010.05.09,00:00,92.42000,93.63000,91.39000,92.32000,65210
2010.05.16,00:00,92.24000,92.95000,88.95000,89.99000,88338
2010.05.23,00:00,90.31000,91.40000,89.25000,90.88000,67765
2010.05.30,00:00,91.00000,92.87000,90.52000,91.69000,49241
2010.06.06,00:00,91.76000,92.07000,90.83000,91.67000,54754
2010.06.13,00:00,91.87000,92.10000,90.41000,90.73000,37803
2010.06.20,00:00,90.29000,91.47000,89.21000,89.26000,37012
2010.06.27,00:00,89.31000,89.47000,86.96000,87.78000,40910
2010.07.04,00:00,87.70000,88.69000,87.01000,88.63000,32521
2010.07.11,00:00,88.73000,89.14000,86.25000,86.65000,34978
2010.07.18,00:00,86.50000,87.56000,86.33000,87.35000,36435
2010.07.25,00:00,87.48000,88.10000,85.94000,86.38000,34939
2010.08.01,00:00,86.33000,86.86000,85.00000,85.37000,29060
2010.08.08,00:00,85.42000,86.35000,84.71000,86.27000,30738
2010.08.15,00:00,86.21000,86.23000,84.88000,85.63000,31581
2010.08.22,00:00,85.57000,85.69000,83.57000,85.33000,33425
2010.08.29,00:00,85.31000,85.88000,83.65000,84.39000,32171
2010.09.05,00:00,84.16000,84.47000,83.32000,84.18000,30488
2010.09.12,00:00,84.22000,85.92000,82.87000,85.80000,37978
2010.09.19,00:00,85.74000,85.79000,84.11000,84.26000,28206
2010.09.26,00:00,84.23000,84.39000,83.15000,83.30000,27239
2010.10.03,00:00,83.24000,83.98000,81.72000,82.07000,29853
2010.10.10,00:00,81.95000,82.35000,80.87000,81.41000,25751
2010.10.17,00:00,81.38000,81.91000,80.84000,81.35000,28285
2010.10.24,00:00,81.28000,81.98000,80.41000,80.46000,28990
2010.10.31,00:00,80.30000,81.58000,80.24000,81.32000,30909
2010.11.07,00:00,81.21000,82.79000,80.52000,82.43000,34088
2010.11.14,00:00,82.47000,83.79000,82.39000,83.46000,29788
2010.11.21,00:00,83.50000,84.17000,82.78000,84.10000,25009
2010.11.28,00:00,84.04000,84.40000,82.53000,82.70000,27706
2010.12.05,00:00,82.64000,84.30000,82.32000,83.93000,26403
2010.12.12,00:00,83.98000,84.51000,82.83000,83.86000,25201
2010.12.19,00:00,83.93000,84.12000,82.85000,82.87000,17482
2010.12.26,00:00,82.78000,82.97000,80.93000,81.18000,18554
2011.01.02,00:00,81.21000,83.67200,80.91000,83.02300,140716
2011.01.09,00:00,83.21200,83.47800,82.39700,82.97000,157410
2011.01.16,00:00,82.79300,83.10900,81.83900,82.54700,156640
2011.01.23,00:00,82.53100,83.20400,81.96400,82.11700,182632
2011.01.30,00:00,81.98300,82.45700,81.11200,82.18200,178425
2011.02.06,00:00,82.14800,83.65700,81.76100,83.43800,178988
2011.02.13,00:00,83.46400,83.95800,83.02100,83.08700,174694
2011.02.20,00:00,83.06300,83.49900,81.61300,81.64200,176169
2011.02.27,00:00,81.65900,83.03900,81.55600,82.30300,167289
2011.03.06,00:00,82.31500,83.28500,81.64800,81.87900,262474
2011.03.13,00:00,81.63000,82.44100,76.41300,80.74500,454236
2011.03.20,00:00,80.84200,81.48200,80.69200,81.46600,224221
2011.03.27,00:00,81.37200,84.72200,81.28700,84.09000,274764
2011.04.03,00:00,84.16000,85.50900,83.84500,84.83100,289891
2011.04.10,00:00,84.82100,85.14400,82.94300,83.07600,375586
2011.04.17,00:00,83.19400,83.24700,81.61000,81.89700,263328
2011.04.24,00:00,81.78400,82.77400,81.03300,81.10700,298373
2011.05.01,00:00,81.07000,81.67800,79.55700,80.53700,356116
2011.05.08,00:00,80.60100,81.33100,80.14900,80.76400,306032
2011.05.15,00:00,80.84200,82.22500,80.62400,81.67400,298279
2011.05.22,00:00,81.76200,82.20600,80.69700,80.78300,311747
2011.05.29,00:00,80.73000,81.76600,80.04500,80.26500,295564
2011.06.05,00:00,80.22400,80.45600,79.68900,80.31100,285417
2011.06.12,00:00,80.29100,81.05000,80.00400,80.02400,295087
2011.06.19,00:00,80.11800,80.78900,80.00700,80.42000,231394
2011.06.26,00:00,80.30400,81.25900,80.25600,80.80600,248108
2011.07.03,00:00,80.79400,81.46700,80.49500,80.61000,243810
2011.07.10,00:00,80.53200,80.82300,78.45900,79.11900,297970
2011.07.17,00:00,79.05400,79.31200,78.20700,78.52900,203689
2011.07.24,00:00,78.38700,78.63000,76.73300,76.77400,231198
2011.07.31,00:00,77.22200,80.22900,76.28700,78.38900,375830
2011.08.07,00:00,78.07400,78.16400,76.30100,76.70000,354769
2011.08.14,00:00,76.81800,77.08700,75.94000,76.53200,217110
2011.08.21,00:00,76.72700,77.68900,76.45200,76.66000,199103
2011.08.28,00:00,76.71100,77.23300,76.41700,76.79500,209131
2011.09.04,00:00,76.88900,77.85200,76.68500,77.57900,244304
2011.09.11,00:00,77.46500,77.57900,76.55300,76.77100,255602
2011.09.18,00:00,76.91000,76.97300,76.09900,76.58800,235713
2011.09.25,00:00,76.44100,77.19000,76.21800,77.04600,265495
2011.10.02,00:00,77.09400,77.25600,76.50700,76.70800,242185
2011.10.09,00:00,76.78300,77.47900,76.30700,77.18800,214548
2011.10.16,00:00,77.05900,77.44800,75.80100,76.27000,205218
2011.10.23,00:00,76.19400,76.47800,75.65400,75.79600,195723
2011.10.30,00:00,75.68500,79.52600,75.56500,78.21800,217507
2011.11.06,00:00,78.17600,78.18100,77.04400,77.10200,139773
2011.11.13,00:00,77.24600,77.49300,76.56800,76.85500,165702
2011.11.20,00:00,76.86100,77.78300,76.75400,77.70200,146599
2011.11.27,00:00,77.52500,78.27800,77.28300,77.96300,164570
2011.12.04,00:00,78.01500,78.10600,77.12400,77.58600,177865
2011.12.11,00:00,77.64800,78.15200,77.49800,77.74900,158529
2011.12.18,00:00,77.77400,78.21700,77.68400,78.05700,137982
2011.12.25,00:00,78.06400,78.09800,76.84900,76.86200,123803
2012.01.01,00:00,76.93600,77.33100,76.60300,76.95400,135209
2012.01.08,00:00,76.89800,77.03400,76.65600,76.94700,146468
2012.01.15,00:00,76.97700,77.31500,76.54700,77.01000,160292
2012.01.22,00:00,76.96500,78.27600,76.64400,76.66300,199915
2012.01.29,00:00,76.67800,76.77100,76.02000,76.57600,171878
2012.02.05,00:00,76.58100,77.80100,76.48900,77.59400,180542
2012.02.12,00:00,77.53500,79.60500,77.35800,79.53500,212912
2012.02.19,00:00,79.59800,81.20800,79.35600,81.19300,214215
2012.02.26,00:00,81.25600,81.86500,80.01000,81.78400,284481
2012.03.04,00:00,81.77600,82.64000,80.57900,82.47200,273282
2012.03.11,00:00,82.48400,84.17100,81.96100,83.42600,258217
2012.03.18,00:00,83.38200,84.08800,81.96800,82.31900,258912
2012.03.25,00:00,82.38900,83.38000,81.82600,82.85600,267401
2012.04.01,00:00,83.00800,83.29700,81.29100,81.62300,241417
2012.04.08,00:00,81.49300,81.85800,80.56900,80.90200,218082
2012.04.15,00:00,80.84000,81.77500,80.28800,81.50000,207783
2012.04.22,00:00,81.49500,81.68800,80.19500,80.25900,205877
2012.04.29,00:00,80.26100,80.60700,79.63700,79.83600,143014
2012.05.06,00:00,79.82000,80.07200,79.42500,79.92500,137133
2012.05.13,00:00,79.96600,80.54700,78.99200,79.00900,166068
2012.05.20,00:00,79.11000,80.14000,79.09500,79.67300,163432
2012.05.27,00:00,79.68600,79.71500,77.65700,77.99800,167968
2012.06.03,00:00,78.06000,79.78500,77.98200,79.47400,189871
2012.06.10,00:00,79.60900,79.73900,78.60600,78.70700,169527
2012.06.17,00:00,78.83600,80.56300,78.78700,80.40600,165709
2012.06.24,00:00,80.40500,80.61400,79.13000,79.77300,153040
2012.07.01,00:00,79.82800,80.09100,79.30700,79.64200,132205
2012.07.08,00:00,79.60000,79.95200,79.06800,79.17100,120733
2012.07.15,00:00,79.25500,79.27500,78.42200,78.47300,114459
2012.07.22,00:00,78.43600,78.67200,77.93900,78.44500,127957
2012.07.29,00:00,78.42500,78.76900,77.91000,78.46300,126334
2012.08.05,00:00,78.58100,78.78600,78.13800,78.24900,121056
2012.08.12,00:00,78.22000,79.56800,78.15800,79.55200,116149
2012.08.19,00:00,79.54900,79.65500,78.27800,78.66500,116965
2012.08.26,00:00,78.68100,78.83700,78.18200,78.36900,103897
2012.09.02,00:00,78.33200,79.02800,78.01200,78.24000,116526
2012.09.09,00:00,78.24100,78.39300,77.12800,78.38100,122308
2012.09.16,00:00,78.29400,79.21800,78.02100,78.14100,148893
2012.09.23,00:00,78.14600,78.18800,77.43700,77.88300,115623
2012.09.30,00:00,77.95700,78.87100,77.79100,78.65600,121444
2012.10.07,00:00,78.65600,78.76000,77.94400,78.42700,111114
2012.10.14,00:00,78.43700,79.46000,78.32800,79.31100,149911
2012.10.21,00:00,79.28000,80.37800,79.21400,79.63700,140741
2012.10.28,00:00,79.60800,80.67500,79.27600,80.47300,103194
2012.11.04,00:00,80.42200,80.55700,79.07500,79.46900,268205
2012.11.11,00:00,79.47200,81.46000,79.21100,81.33100,137078
2012.11.18,00:00,81.36600,82.83600,81.08700,82.38600,122234
2012.11.25,00:00,82.31200,82.74800,81.69000,82.45400,131562
2012.12.02,00:00,82.36100,82.82900,81.72000,82.47500,119327
2012.12.09,00:00,82.51900,83.96000,82.11700,83.50500,126390
2012.12.16,00:00,84.32300,84.61500,83.60700,84.24900,251785
2012.12.23,00:00,84.35600,86.63000,84.32400,86.00600,117524
2012.12.30,00:00,85.77900,88.40600,85.66100,88.15300,144063
2013.01.06,00:00,88.09600,89.44600,86.81200,89.15700,310844
2013.01.13,00:00,89.29900,90.20600,87.79400,90.07100,295424
2013.01.20,00:00,90.08700,91.19400,88.06000,90.89700,244050
2013.01.27,00:00,91.04500,92.96200,90.33100,92.77200,231493
2013.02.03,00:00,92.76200,94.05500,91.97900,92.69000,265406
2013.02.10,00:00,92.72200,94.45900,92.22600,93.47600,249851
2013.02.17,00:00,93.67100,94.21500,92.77400,93.34600,266935
2013.02.24,00:00,94.52600,94.55100,90.89300,93.53000,338533
2013.03.03,00:00,93.62500,96.58200,92.91400,96.03800,270694
2013.03.10,00:00,95.98400,96.71000,95.07700,95.31100,294092
2013.03.17,00:00,94.31500,96.13300,94.07100,94.48100,308324
2013.03.24,00:00,94.38000,94.96000,93.53300,94.21100,254413
2013.03.31,00:00,94.27200,97.83200,92.56600,97.52600,315855
2013.04.07,00:00,98.18100,99.94700,98.07300,98.36000,316153
2013.04.14,00:00,98.18900,99.68400,95.79500,99.52900,366872
2013.04.21,00:00,99.81500,99.88500,97.55700,98.06900,303904
2013.04.28,00:00,97.94100,99.26900,97.00800,99.01900,226026
2013.05.05,00:00,99.17100,101.98200,98.58300,101.61600,227556
2013.05.12,00:00,101.86600,103.30600,101.26100,103.18500,264079
2013.05.19,00:00,102.74700,103.73400,100.66700,101.25600,318378
2013.05.26,00:00,101.04600,102.52500,100.22200,100.41200,328284
2013.06.02,00:00,100.42700,100.72200,94.98900,97.51900,403656
2013.06.09,00:00,97.82900,99.28300,93.79100,94.16600,420201
2013.06.16,00:00,94.16600,98.28500,94.09000,97.83800,350758
2013.06.23,00:00,97.89900,99.44800,96.95800,99.13700,329644
2013.06.30,00:00,99.22200,101.22400,99.17500,101.15700,260175
2013.07.07,00:00,101.24100,101.53300,98.21400,99.24300,299600
2013.07.14,00:00,99.33100,100.86500,98.89500,100.59900,260120
2013.07.21,00:00,100.42800,100.61800,97.95900,98.29200,270185
2013.07.28,00:00,98.05100,99.94900,97.58500,98.94900,271752
2013.08.04,00:00,98.87900,99.14900,95.80900,96.22600,261684
2013.08.11,00:00,96.34400,98.65000,95.92500,97.59700,249737
2013.08.18,00:00,97.55300,99.14900,96.91300,98.73700,246941
2013.08.25,00:00,98.56000,98.84300,96.81800,98.11100,226521
2013.09.01,00:00,98.39600,100.22300,98.27700,99.11300,237832
2013.09.08,00:00,99.69600,100.60800,99.01300,99.34500,232661
2013.09.15,00:00,98.68200,99.66900,97.76100,99.36000,214932
2013.09.22,00:00,99.16400,99.35900,98.09600,98.23800,201050
2013.09.29,00:00,97.63600,98.72400,96.93200,97.45400,243199
2013.10.06,00:00,97.19300,98.59500,96.56800,98.54400,215256
2013.10.13,00:00,98.31100,99.00400,97.55800,97.77600,184990
2013.10.20,00:00,97.82600,98.48200,96.94100,97.39800,180675
2013.10.27,00:00,97.72500,98.84800,97.44500,98.69900,177242
2013.11.03,00:00,98.78800,99.40700,97.61600,99.08600,179367
2013.11.10,00:00,99.20800,100.43300,98.92300,100.18000,189084
2013.11.17,00:00,100.25800,101.35200,99.57000,101.25800,208560
2013.11.24,00:00,101.28100,102.60900,101.13900,102.42300,181802
2013.12.01,00:00,102.46800,103.38100,101.62300,102.84400,254645
2013.12.08,00:00,103.00800,103.92300,102.14800,103.20500,230704
2013.12.15,00:00,103.25300,104.63500,102.50200,104.08900,211366
2013.12.22,00:00,103.96800,105.18400,103.77300,105.15900,107413
2013.12.29,00:00,105.18600,105.44100,104.07500,104.84500,129053
2014.01.05,00:00,104.78800,105.34100,103.83000,104.16900,227659
2014.01.12,00:00,103.98800,104.92100,102.85400,104.31500,210807
2014.01.19,00:00,104.20800,104.84000,102.00000,102.25700,238569
2014.01.26,00:00,102.15900,103.44200,101.77400,102.10700,290670
2014.02.02,00:00,101.95300,102.57900,100.75700,102.33200,273076
2014.02.09,00:00,102.47800,102.70200,101.56900,101.83200,201387
2014.02.16,00:00,101.64200,102.82800,101.38500,102.53000,189549
2014.02.23,00:00,102.46700,102.67900,101.55400,101.80600,215496
2014.03.02,00:00,101.56800,103.76000,101.20000,103.27300,202668
2014.03.09,00:00,103.03000,103.42500,101.20700,101.38800,210138
2014.03.16,00:00,101.27700,102.68100,101.27300,102.22100,189595
2014.03.23,00:00,102.13200,102.97800,101.72200,102.83100,186898
2014.03.30,00:00,102.93600,104.12700,102.79100,103.25400,205047
2014.04.06,00:00,103.27000,103.38900,101.32400,101.64500,222365
2014.04.13,00:00,101.61000,102.57000,101.41600,102.42400,148226
2014.04.20,00:00,102.43200,102.72200,101.96200,102.19300,133789
2014.04.27,00:00,102.17400,103.01900,102.03000,102.19200,166995
2014.05.04,00:00,102.16100,102.26000,101.43100,101.78700,173787
2014.05.11,00:00,101.84700,102.36500,101.31300,101.53300,172776
2014.05.18,00:00,101.54000,102.00600,100.82100,101.96100,171859
2014.05.25,00:00,101.95200,102.14000,101.42800,101.74100,144765
2014.06.01,00:00,101.85100,102.79500,101.75300,102.49000,175823
2014.06.08,00:00,102.48800,102.64500,101.60500,101.98500,171294
2014.06.15,00:00,102.05800,102.35000,101.72100,102.05000,160369
2014.06.22,00:00,102.07800,102.16800,101.31300,101.46500,142154
2014.06.29,00:00,101.38000,102.26600,101.23800,102.08300,136349
2014.07.06,00:00,102.06100,102.20100,101.06500,101.29900,154503
2014.07.13,00:00,101.36500,101.79100,101.08600,101.32700,163209
2014.07.20,00:00,101.34500,101.93800,101.19700,101.84200,120484
2014.07.27,00:00,101.77100,103.08500,101.74900,102.56700,167239
2014.08.03,00:00,102.54300,102.92400,101.51000,102.00900,169585
2014.08.10,00:00,102.15200,102.71400,102.02200,102.35800,131529
2014.08.17,00:00,102.30100,104.19400,102.24600,103.87400,134965
2014.08.24,00:00,104.20200,104.27200,103.55700,104.05100,135238
2014.08.31,00:00,104.18000,105.70500,104.10100,105.08100,163754
2014.09.07,00:00,105.08300,107.39300,104.99000,107.36000,211795
2014.09.14,00:00,107.19500,109.45800,106.81100,109.06000,210386
2014.09.21,00:00,109.07000,109.53000,108.25500,109.26900,220184
2014.09.28,00:00,109.28100,110.08600,108.00800,109.77600,260707
2014.10.05,00:00,109.74700,109.84900,107.52800,107.64100,293911
2014.10.12,00:00,107.50700,107.57200,105.19600,106.87600,332468
2014.10.19,00:00,107.10200,108.35200,106.25000,108.14300,246493
2014.10.26,00:00,108.32300,112.47400,107.60600,112.31300,262188
2014.11.02,00:00,112.96100,115.58500,112.57300,114.62200,343855
2014.11.09,00:00,114.44900,116.82500,113.85700,116.30500,317153
2014.11.16,00:00,116.46500,118.97400,115.45500,117.80700,330242
2014.11.23,00:00,117.89300,118.77100,117.23700,118.60200,236264
2014.11.30,00:00,118.72300,121.68400,117.86500,121.43800,330998
2014.12.07,00:00,121.59900,121.84400,117.44000,118.80000,423907
2014.12.14,00:00,118.63700,119.62300,115.56300,119.44500,427491
2014.12.21,00:00,119.52500,120.82500,119.31300,120.37500,150012
2014.12.28,00:00,120.35000,120.74100,118.86100,120.46600,197291
2015.01.04,00:00,120.53700,120.64400,118.05400,118.51600,422295
2015.01.11,00:00,118.31500,119.31300,115.85100,117.46300,1151513
2015.01.18,00:00,117.44700,118.86700,116.92200,117.74400,375932
2015.01.25,00:00,117.49500,118.65700,117.25400,117.56000,377527
2015.02.01,00:00,117.05200,119.21900,116.87500,119.03500,357398
2015.02.08,00:00,119.04000,120.48100,118.33200,118.74200,352506
2015.02.15,00:00,118.53600,119.41500,118.23400,119.02400,311430
2015.02.22,00:00,119.03300,119.83700,118.62500,119.56800,295473
2015.03.01,00:00,119.67900,121.28200,119.37900,120.78800,293266
2015.03.08,00:00,120.82500,122.02400,120.61200,121.44100,380964
2015.03.15,00:00,121.37900,121.51800,119.29600,120.09100,357785
2015.03.22,00:00,119.88000,120.16300,118.32900,119.14700,369991
2015.03.29,00:00,119.19400,120.36400,118.71900,118.96500,278157
2015.04.05,00:00,118.78300,120.73700,118.78300,120.31100,254254
2015.04.12,00:00,120.28800,120.84500,118.56900,118.92000,309715
2015.04.19,00:00,118.99400,120.09200,118.53000,118.99900,300413
2015.04.26,00:00,118.88500,120.28600,118.49400,120.12100,290400
2015.05.03,00:00,120.22900,120.50500,119.05400,119.74200,278420
2015.05.10,00:00,119.66700,120.27600,118.88700,119.39500,273007
2015.05.17,00:00,119.25200,121.56800,119.25200,121.55100,278698
2015.05.24,00:00,121.48600,124.46200,121.44400,124.11800,298562
2015.05.31,00:00,124.08400,125.85400,123.75400,125.57800,342823
2015.06.07,00:00,125.59200,125.67800,122.45600,123.42200,319894
2015.06.14,00:00,123.14100,124.43800,122.47800,122.68000,266490
2015.06.21,00:00,122.92500,124.37600,122.56000,123.84900,267866
2015.06.28,00:00,122.63500,123.71800,121.94100,122.89200,304983
2015.07.05,00:00,121.99600,122.92800,120.41200,122.74700,356094
2015.07.12,00:00,122.30700,124.22900,122.27000,124.05200,270579
2015.07.19,00:00,124.05200,124.47500,123.57100,123.81500,221611
2015.07.26,00:00,123.72000,124.58100,123.00900,123.94300,248233
2015.08.02,00:00,123.85700,125.07100,123.80000,124.23200,241419
2015.08.09,00:00,124.13300,125.27900,123.79700,124.32000,273694
2015.08.16,00:00,124.14900,124.57300,121.81600,122.05500,272627
2015.08.23,00:00,121.89500,122.01200,116.13300,121.58000,507625
2015.08.30,00:00,121.57300,121.63400,118.59400,119.02100,426383
2015.09.06,00:00,118.90100,121.32100,118.79900,120.60300,391338
2015.09.13,00:00,120.48400,120.99400,119.05500,119.97100,387067
2015.09.20,00:00,120.13200,121.23300,119.22500,120.48200,414318
2015.09.27,00:00,120.49500,120.60000,118.68100,119.88500,651135
2015.10.04,00:00,119.98700,120.56700,119.62600,120.20400,538138
2015.10.11,00:00,120.12900,120.25900,118.06400,119.47800,399325
2015.10.18,00:00,119.29400,121.47400,119.14000,121.46100,438223
2015.10.25,00:00,121.39500,121.50800,120.02000,120.65400,477841
2015.11.01,00:00,120.36400,123.26800,120.25600,123.15400,418239
2015.11.08,00:00,123.26500,123.60300,122.44200,122.62800,442831
2015.11.15,00:00,122.36000,123.75600,122.22800,122.82400,441756
2015.11.22,00:00,122.76000,123.25900,122.25700,122.82400,363645
2015.11.29,00:00,122.79500,123.67000,122.29800,123.10500,428005
2015.12.06,00:00,123.15900,123.47500,120.58100,120.85300,478104
2015.12.13,00:00,121.00400,123.55300,120.34400,121.24200,560534
2015.12.20,00:00,121.24700,121.50300,120.25100,120.34000,239663
2015.12.27,00:00,120.07600,120.65300,120.00400,120.03000,198120
2016.01.03,00:00,120.17100,120.46300,117.31900,117.42700,634467
2016.01.10,00:00,117.17300,118.37800,116.50800,116.94400,705580
2016.01.17,00:00,116.84600,118.88000,115.97300,118.77000,1051933
2016.01.24,00:00,118.61000,121.68800,117.65500,121.10200,938880
2016.01.31,00:00,121.21400,121.48700,116.29500,116.83100,699031
2016.02.07,00:00,116.83600,117.52500,110.97600,113.25200,1538813
2016.02.14,00:00,113.38200,114.87500,112.30600,112.56100,1052029
2016.02.21,00:00,112.56800,113.98900,111.04200,113.98400,1004575
2016.02.28,00:00,113.94900,114.55400,112.15800,113.77500,887457
2016.03.06,00:00,113.91400,114.44700,112.22700,113.78900,794618
2016.03.13,00:00,113.94800,114.14600,110.66800,111.53900,658717
2016.03.20,00:00,111.53200,113.32300,111.22000,113.04500,484668
2016.03.27,00:00,113.17900,113.80200,111.58700,111.60400,550349
2016.04.03,00:00,111.59800,111.79600,107.66500,108.09700,731494
2016.04.10,00:00,107.99100,109.73100,107.63000,108.77600,586806
2016.04.17,00:00,108.18800,111.80500,107.83600,111.77200,629499
2016.04.24,00:00,111.84800,111.88600,106.27800,106.29900,807018
2016.05.01,00:00,106.23200,107.50200,105.54900,107.07900,665837
2016.05.08,00:00,107.06400,109.55400,107.06200,108.62000,576580
2016.05.15,00:00,108.61400,110.58700,108.46400,110.14600,573570
2016.05.22,00:00,110.14300,110.44900,109.11100,110.29900,540996
2016.05.29,00:00,110.41100,111.44800,106.50900,106.53900,650441
2016.06.05,00:00,106.58100,107.90300,106.25400,106.90600,707343
2016.06.12,00:00,106.80100,106.84500,103.54700,104.10900,845222
2016.06.19,00:00,104.69700,106.80900,98.96500,102.15900,844839
2016.06.26,00:00,101.51700,103.39400,101.40200,102.56100,867346
2016.07.03,00:00,102.59900,102.80600,99.99000,100.52400,724588
