date,direction,entry,target_or_stop,exit_date,exit,ticks,cumulative_profit
2007-12-17T00:00:00,short,0.71450,stopped,2007-12-17T01:00:00,0.71536,-17,-17
2007-12-20T12:00:00,long,0.72019,target,2007-12-20T15:00:00,0.72133,23,6
2008-01-04T09:00:00,long,0.74690,stopped,2008-01-04T11:00:00,0.74526,-33,-27
2008-01-08T17:00:00,short,0.74560,stopped,2008-01-09T09:00:00,0.74679,-24,-51
2008-01-15T09:00:00,long,0.75955,stopped,2008-01-15T11:00:00,0.75795,-32,-83
2008-01-22T14:00:00,short,0.74285,stopped,2008-01-22T15:00:00,0.74435,-30,-113
2008-01-22T17:00:00,long,0.74555,target,2008-01-23T06:00:00,0.74775,44,-69
2008-01-23T15:00:00,long,0.74585,target,2008-01-23T23:00:00,0.74805,44,-25
2008-01-24T00:00:00,long,0.74805,stopped,2008-01-24T02:00:00,0.74745,-12,-37
2008-01-24T09:00:00,long,0.74745,stopped,2008-01-25T06:00:00,0.74605,-28,-65
2008-01-31T00:00:00,long,0.74735,target,2008-01-31T05:00:00,0.74855,24,-41
2008-01-31T15:00:00,long,0.74775,stopped,2008-01-31T16:00:00,0.74715,-12,-53
2008-02-21T00:00:00,long,0.75758,stopped,2008-02-21T04:00:00,0.75729,-6,-59
2008-02-27T08:00:00,long,0.75476,stopped,2008-02-27T10:00:00,0.75383,-18,-77
2008-02-29T00:00:00,long,0.76378,stopped,2008-02-29T02:00:00,0.76327,-10,-87
2008-02-29T08:00:00,long,0.76351,target,2008-02-29T09:00:00,0.76447,19,-68
2008-03-06T12:00:00,long,0.76841,stopped,2008-03-06T14:00:00,0.76770,-14,-82
2008-03-06T15:00:00,short,0.76632,target,2008-03-07T15:00:00,0.76364,54,-28
2008-03-11T00:00:00,long,0.76428,target,2008-03-11T04:00:00,0.76552,25,-3
2008-03-11T09:00:00,long,0.76487,target,2008-03-11T12:00:00,0.76609,24,21
2008-03-12T16:00:00,long,0.76616,stopped,2008-03-13T14:00:00,0.76444,-34,-13
2008-03-14T16:00:00,long,0.76772,target,2008-03-14T18:00:00,0.76971,40,27
2008-03-18T21:00:00,short,0.77863,stopped,2008-03-18T22:00:00,0.77967,-21,6
2008-03-19T19:00:00,long,0.78802,stopped,2008-03-19T20:00:00,0.78699,-21,-15
2008-03-20T16:00:00,short,0.77860,target,2008-03-20T22:00:00,0.77686,35,20
2008-03-20T22:00:00,short,0.77723,target,2008-03-20T23:00:00,0.77641,16,36
2008-03-20T23:00:00,short,0.77750,stopped,2008-03-21T08:00:00,0.77912,-32,4
2008-03-24T04:00:00,short,0.77690,stopped,2008-03-24T10:00:00,0.77763,-15,-11
2008-04-03T11:00:00,long,0.78667,stopped,2008-04-03T14:00:00,0.78252,-83,-94
2008-04-03T23:00:00,short,0.78560,target,2008-04-04T02:00:00,0.78499,12,-82
2008-04-10T14:00:00,long,0.80190,stopped,2008-04-10T15:00:00,0.80092,-19,-101
2008-04-11T22:00:00,long,0.80255,stopped,2008-04-13T23:00:00,0.80184,-14,-115
2008-04-25T09:00:00,short,0.79422,target,2008-04-25T10:00:00,0.79339,16,-99
2008-04-30T03:00:00,long,0.79100,target,2008-04-30T08:00:00,0.79247,29,-70
2008-05-06T20:00:00,long,0.78719,stopped,2008-05-06T22:00:00,0.78658,-12,-82
2008-05-07T15:00:00,long,0.78845,stopped,2008-05-07T18:00:00,0.78741,-21,-103
2008-05-19T01:00:00,long,0.79632,stopped,2008-05-20T17:00:00,0.79461,-34,-137
2008-05-26T11:00:00,long,0.79617,stopped,2008-05-26T19:00:00,0.79516,-20,-157
2008-05-27T09:00:00,long,0.79638,target,2008-05-27T11:00:00,0.79834,39,-118
2008-05-28T01:00:00,short,0.79418,target,2008-05-28T04:00:00,0.79332,17,-101
2008-05-28T04:00:00,short,0.79469,target,2008-05-28T12:00:00,0.79308,32,-69
2008-06-02T07:00:00,long,0.78708,target,2008-06-02T08:00:00,0.78789,16,-53
2008-06-12T08:00:00,short,0.79067,target,2008-06-12T09:00:00,0.78994,14,-39
2008-06-13T06:00:00,long,0.79317,stopped,2008-06-13T07:00:00,0.79288,-6,-45
2008-06-24T17:00:00,long,0.79105,stopped,2008-06-24T23:00:00,0.78997,-22,-67
2008-06-25T14:00:00,short,0.79044,stopped,2008-06-25T18:00:00,0.79180,-27,-94
2008-07-02T08:00:00,long,0.79253,target,2008-07-02T10:00:00,0.79385,26,-68
2008-07-03T22:00:00,short,0.79170,target,2008-07-04T02:00:00,0.79118,10,-58
2008-07-09T16:00:00,long,0.79580,stopped,2008-07-09T18:00:00,0.79470,-22,-80
2008-07-10T07:00:00,short,0.79402,stopped,2008-07-10T09:00:00,0.79474,-14,-94
2008-07-14T09:00:00,long,0.80000,stopped,2008-07-14T11:00:00,0.79832,-34,-128
2008-07-16T01:00:00,short,0.79359,stopped,2008-07-16T11:00:00,0.79482,-25,-153
2008-07-25T08:00:00,long,0.79065,target,2008-07-25T09:00:00,0.79150,17,-136
2008-07-30T08:00:00,short,0.78706,stopped,2008-07-30T09:00:00,0.78779,-15,-151
2008-08-07T15:00:00,long,0.79155,stopped,2008-08-07T18:00:00,0.78969,-37,-188
2008-08-11T14:00:00,short,0.78140,stopped,2008-08-11T17:00:00,0.78226,-17,-205
2008-08-12T12:00:00,long,0.78311,target,2008-08-12T22:00:00,0.78535,45,-160
2008-08-18T00:00:00,short,0.78755,stopped,2008-08-18T03:00:00,0.78809,-11,-171
2008-08-18T03:00:00,short,0.78824,stopped,2008-08-18T07:00:00,0.78942,-24,-195
2008-08-18T16:00:00,short,0.78854,stopped,2008-08-19T09:00:00,0.78998,-29,-224
2008-08-20T09:00:00,long,0.79195,target,2008-08-20T10:00:00,0.79246,10,-214
2008-08-21T11:00:00,long,0.79119,target,2008-08-21T14:00:00,0.79398,56,-158
2008-08-21T23:00:00,long,0.79320,target,2008-08-22T01:00:00,0.79384,13,-145
2008-08-25T00:00:00,long,0.79861,stopped,2008-08-25T01:00:00,0.79825,-7,-152
2008-08-27T04:00:00,long,0.79706,target,2008-08-27T06:00:00,0.79808,20,-132
2008-08-29T13:00:00,long,0.80503,target,2008-08-29T17:00:00,0.80653,30,-102
2008-09-09T23:00:00,short,0.80272,target,2008-09-10T00:00:00,0.80188,17,-85
2008-09-16T21:00:00,short,0.79232,stopped,2008-09-17T03:00:00,0.79394,-32,-117
2008-09-19T08:00:00,short,0.78787,stopped,2008-09-19T09:00:00,0.78986,-40,-157
2008-09-24T03:00:00,short,0.79113,stopped,2008-09-24T04:00:00,0.79172,-12,-169
2008-09-29T00:00:00,short,0.79440,target,2008-09-29T08:00:00,0.79179,52,-117
2008-09-29T15:00:00,long,0.79625,target,2008-09-29T16:00:00,0.79731,21,-96
2008-10-02T04:00:00,short,0.78965,target,2008-10-02T05:00:00,0.78905,12,-84
2008-10-09T13:00:00,long,0.79179,stopped,2008-10-09T14:00:00,0.78882,-59,-143
2008-10-16T16:00:00,long,0.78135,stopped,2008-10-16T17:00:00,0.77859,-55,-198
2008-10-29T00:00:00,short,0.79991,target,2008-10-29T02:00:00,0.79572,84,-114
2008-11-03T01:00:00,long,0.79266,stopped,2008-11-03T03:00:00,0.79184,-16,-130
2008-11-05T21:00:00,long,0.81387,stopped,2008-11-05T22:00:00,0.81134,-51,-181
2008-11-10T16:00:00,long,0.81840,stopped,2008-11-10T18:00:00,0.81598,-49,-230
2008-11-17T07:00:00,short,0.85263,stopped,2008-11-17T08:00:00,0.85385,-24,-254
2008-11-17T09:00:00,short,0.85576,target,2008-11-17T11:00:00,0.85131,89,-165
2008-11-19T03:00:00,long,0.84451,stopped,2008-11-19T06:00:00,0.84278,-35,-200
2008-11-20T02:00:00,short,0.83515,stopped,2008-11-20T07:00:00,0.83681,-33,-233
2008-12-02T18:00:00,long,0.85130,target,2008-12-02T19:00:00,0.85320,38,-195
2008-12-04T07:00:00,long,0.85921,target,2008-12-04T09:00:00,0.86174,51,-144
2008-12-08T17:00:00,long,0.86990,target,2008-12-08T18:00:00,0.87232,49,-95
2008-12-10T00:00:00,long,0.87590,stopped,2008-12-10T08:00:00,0.87485,-21,-116
2008-12-24T11:00:00,long,0.94727,target,2008-12-24T12:00:00,0.95083,71,-45
2009-01-07T15:00:00,short,0.91019,target,2009-01-07T17:00:00,0.90177,169,124
2009-01-14T12:00:00,long,0.90986,stopped,2009-01-14T15:00:00,0.90699,-57,67
2009-01-14T17:00:00,short,0.90489,target,2009-01-15T09:00:00,0.89780,142,209
2009-01-16T00:00:00,short,0.89630,target,2009-01-16T03:00:00,0.89484,29,238
2009-01-27T10:00:00,short,0.93600,stopped,2009-01-27T15:00:00,0.93957,-71,167
2009-01-30T01:00:00,short,0.90608,stopped,2009-01-30T02:00:00,0.90761,-31,136
2009-01-30T09:00:00,short,0.90575,target,2009-01-30T11:00:00,0.90338,47,183
2009-02-13T23:00:00,short,0.89628,stopped,2009-02-15T23:00:00,0.89875,-50,133
2009-02-20T10:00:00,long,0.88600,stopped,2009-02-20T13:00:00,0.88249,-70,63
2009-03-10T11:00:00,long,0.91660,target,2009-03-10T14:00:00,0.92162,100,163
2009-03-13T16:00:00,short,0.92349,target,2009-03-13T18:00:00,0.92052,59,222
2009-03-13T18:00:00,short,0.92288,target,2009-03-16T04:00:00,0.91984,61,283
2009-03-17T10:00:00,long,0.92401,target,2009-03-17T14:00:00,0.92668,53,336
2009-03-20T21:00:00,short,0.93944,stopped,2009-03-22T22:00:00,0.94088,-29,307
2009-03-23T11:00:00,short,0.93791,target,2009-03-23T12:00:00,0.93522,54,361
2009-03-24T08:00:00,short,0.92987,target,2009-03-24T09:00:00,0.92788,40,401
2009-03-25T20:00:00,long,0.93373,stopped,2009-03-26T04:00:00,0.93006,-73,328
2009-03-27T16:00:00,short,0.92908,stopped,2009-03-30T09:00:00,0.93315,-81,247
2009-03-31T03:00:00,short,0.92498,stopped,2009-03-31T05:00:00,0.92606,-22,225
2009-04-07T09:00:00,long,0.90921,stopped,2009-04-07T10:00:00,0.90699,-44,181
2009-04-08T13:00:00,short,0.90076,target,2009-04-08T15:00:00,0.89881,39,220
2009-04-08T15:00:00,short,0.90053,stopped,2009-04-08T17:00:00,0.90245,-38,182
2009-04-23T04:00:00,long,0.89808,stopped,2009-04-23T07:00:00,0.89730,-16,166
2009-04-23T14:00:00,long,0.89739,stopped,2009-04-23T15:00:00,0.89501,-48,118
2009-04-29T16:00:00,long,0.89773,target,2009-04-29T18:00:00,0.90082,62,180
2009-04-30T11:00:00,short,0.89590,stopped,2009-04-30T13:00:00,0.89731,-28,152
2009-05-04T02:00:00,short,0.88979,stopped,2009-05-04T04:00:00,0.89102,-25,127
2009-05-06T17:00:00,short,0.88381,target,2009-05-06T19:00:00,0.88225,31,158
2009-05-11T07:00:00,long,0.89685,stopped,2009-05-11T08:00:00,0.89608,-15,143
2009-05-15T04:00:00,short,0.89543,target,2009-05-15T09:00:00,0.89468,15,158
2009-05-18T01:00:00,short,0.88877,target,2009-05-18T04:00:00,0.88724,31,189
2009-06-01T08:00:00,short,0.87200,target,2009-06-01T10:00:00,0.87062,28,217
2009-06-11T01:00:00,short,0.85485,stopped,2009-06-11T03:00:00,0.85557,-14,203
2009-06-12T09:00:00,short,0.85158,stopped,2009-06-12T12:00:00,0.85348,-38,165
2009-06-17T00:00:00,short,0.84385,stopped,2009-06-17T03:00:00,0.84566,-36,129
2009-06-25T12:00:00,long,0.85470,target,2009-06-25T13:00:00,0.85720,50,179
2009-06-30T16:00:00,long,0.85170,target,2009-06-30T17:00:00,0.85298,26,205
2009-06-30T17:00:00,long,0.85168,target,2009-06-30T19:00:00,0.85358,38,243
2009-07-02T09:00:00,long,0.85847,target,2009-07-02T10:00:00,0.86070,45,288
2009-07-03T09:00:00,short,0.85414,stopped,2009-07-03T10:00:00,0.85536,-24,264
2009-07-07T14:00:00,long,0.86387,target,2009-07-07T16:00:00,0.86533,29,293
2009-07-15T09:00:00,short,0.85756,stopped,2009-07-15T21:00:00,0.86016,-52,241
2009-08-06T13:00:00,short,0.84743,stopped,2009-08-06T14:00:00,0.84940,-39,202
2009-08-10T20:00:00,long,0.85834,stopped,2009-08-11T03:00:00,0.85682,-30,172
2009-08-14T14:00:00,long,0.86234,stopped,2009-08-14T15:00:00,0.86121,-23,149
2009-09-07T16:00:00,long,0.87459,target,2009-09-07T17:00:00,0.87489,6,155
2009-09-10T09:00:00,long,0.88030,target,2009-09-10T10:00:00,0.88138,22,177
2009-09-11T12:00:00,short,0.87326,stopped,2009-09-11T13:00:00,0.87427,-20,157
2009-09-11T19:00:00,short,0.87425,stopped,2009-09-14T06:00:00,0.87568,-29,128
2009-09-17T05:00:00,long,0.89313,stopped,2009-09-17T06:00:00,0.89289,-5,123
2009-09-21T18:00:00,long,0.90540,target,2009-09-21T21:00:00,0.90647,22,145
2009-09-23T09:00:00,short,0.90406,stopped,2009-09-23T11:00:00,0.90550,-29,116
2009-09-27T22:00:00,long,0.92038,target,2009-09-28T01:00:00,0.92266,46,162
2009-10-02T15:00:00,long,0.91628,target,2009-10-02T16:00:00,0.91794,33,195
2009-10-07T09:00:00,long,0.92609,stopped,2009-10-07T10:00:00,0.92464,-29,166
2009-10-07T13:00:00,long,0.92534,stopped,2009-10-07T15:00:00,0.92327,-41,125
2009-10-12T02:00:00,long,0.92885,stopped,2009-10-12T03:00:00,0.92839,-9,116
2009-10-12T05:00:00,long,0.92872,stopped,2009-10-12T07:00:00,0.92816,-11,105
2009-11-05T02:00:00,long,0.89772,target,2009-11-05T06:00:00,0.89883,22,127
2009-11-05T11:00:00,long,0.89726,target,2009-11-05T12:00:00,0.89904,36,163
2009-11-05T16:00:00,long,0.89744,stopped,2009-11-05T17:00:00,0.89613,-26,137
2009-11-08T20:00:00,short,0.89400,target,2009-11-08T22:00:00,0.89293,22,159
2009-11-19T17:00:00,long,0.89403,target,2009-11-19T19:00:00,0.89559,31,190
2009-11-26T07:00:00,long,0.90599,stopped,2009-11-26T08:00:00,0.90493,-21,169
2009-12-03T15:00:00,long,0.90954,stopped,2009-12-03T16:00:00,0.90831,-25,144
2009-12-09T15:00:00,short,0.90516,target,2009-12-11T17:00:00,0.90021,99,243
2009-12-23T11:00:00,long,0.89365,stopped,2009-12-23T12:00:00,0.89212,-31,212
2009-12-23T13:00:00,long,0.89344,target,2009-12-23T14:00:00,0.89489,29,241
2010-01-04T03:00:00,short,0.88688,stopped,2010-01-04T05:00:00,0.88817,-26,215
2010-01-04T18:00:00,long,0.89513,stopped,2010-01-04T20:00:00,0.89371,-28,187
2010-01-06T10:00:00,short,0.89467,stopped,2010-01-06T11:00:00,0.89689,-44,143
2010-01-07T13:00:00,long,0.90084,stopped,2010-01-07T14:00:00,0.90003,-16,127
2010-01-08T00:00:00,short,0.89816,stopped,2010-01-08T01:00:00,0.89853,-7,120
2010-01-11T19:00:00,long,0.90025,target,2010-01-11T20:00:00,0.90145,24,144
2010-01-12T10:00:00,long,0.89953,stopped,2010-01-12T14:00:00,0.89633,-64,80
2010-01-18T21:00:00,short,0.88127,target,2010-01-18T22:00:00,0.88067,12,92
2010-01-27T14:00:00,short,0.86770,target,2010-01-27T15:00:00,0.86660,22,114
2010-01-29T18:00:00,long,0.86641,target,2010-01-31T20:00:00,0.86796,31,145
2010-02-05T09:00:00,short,0.87339,target,2010-02-05T12:00:00,0.87030,62,207
2010-02-10T12:00:00,short,0.87937,target,2010-02-11T17:00:00,0.87449,98,305
2010-02-17T23:00:00,short,0.86824,target,2010-02-18T01:00:00,0.86722,20,325
2010-03-09T07:00:00,long,0.90682,stopped,2010-03-09T08:00:00,0.90639,-9,316
2010-03-23T18:00:00,short,0.89855,target,2010-03-24T01:00:00,0.89673,36,352
2010-03-31T12:00:00,short,0.88871,stopped,2010-03-31T15:00:00,0.89025,-31,321
2010-04-01T08:00:00,short,0.88819,target,2010-04-01T09:00:00,0.88715,21,342
2010-04-07T11:00:00,short,0.87793,stopped,2010-04-07T12:00:00,0.87973,-36,306
2010-04-08T00:00:00,short,0.87555,stopped,2010-04-08T02:00:00,0.87600,-9,297
2010-04-08T08:00:00,short,0.87594,stopped,2010-04-08T09:00:00,0.87689,-19,278
2010-04-13T04:00:00,long,0.88463,stopped,2010-04-13T06:00:00,0.88451,-2,276
2010-04-14T10:00:00,long,0.88412,stopped,2010-04-14T14:00:00,0.88189,-45,231
2010-04-26T12:00:00,short,0.86166,stopped,2010-04-26T13:00:00,0.86281,-23,208
2010-04-26T17:00:00,short,0.86156,stopped,2010-04-26T19:00:00,0.86285,-26,182
2010-04-27T12:00:00,long,0.86832,stopped,2010-04-27T14:00:00,0.86696,-27,155
2010-04-28T00:00:00,short,0.86315,stopped,2010-04-28T01:00:00,0.86373,-12,143
2010-04-30T01:00:00,short,0.86385,target,2010-04-30T09:00:00,0.86287,20,163
2010-04-30T09:00:00,short,0.86367,stopped,2010-04-30T10:00:00,0.86502,-27,136
2010-05-04T12:00:00,short,0.86479,target,2010-05-04T14:00:00,0.86321,32,168
2010-05-06T00:00:00,short,0.84857,stopped,2010-05-06T08:00:00,0.84980,-25,143
2010-05-06T08:00:00,short,0.84946,target,2010-05-06T09:00:00,0.84800,29,172
2010-05-21T14:00:00,long,0.87123,target,2010-05-21T15:00:00,0.87327,41,213
2010-05-25T05:00:00,short,0.85671,stopped,2010-05-25T07:00:00,0.85729,-12,201
2010-05-25T08:00:00,short,0.85759,target,2010-05-25T10:00:00,0.85595,33,234
2010-05-27T01:00:00,short,0.84626,stopped,2010-05-27T04:00:00,0.84731,-21,213
2010-05-27T16:00:00,short,0.84694,stopped,2010-05-27T19:00:00,0.84980,-57,156
2010-06-04T05:00:00,short,0.83220,stopped,2010-06-04T11:00:00,0.83336,-23,133
2010-06-15T03:00:00,short,0.82883,target,2010-06-15T04:00:00,0.82806,15,148
2010-06-16T10:00:00,long,0.83159,stopped,2010-06-16T12:00:00,0.82947,-42,106
2010-06-17T00:00:00,long,0.83546,stopped,2010-06-17T04:00:00,0.83470,-15,91
2010-06-17T17:00:00,long,0.83542,stopped,2010-06-18T09:00:00,0.83399,-29,62
2010-06-21T06:00:00,long,0.83533,stopped,2010-06-21T12:00:00,0.83336,-39,23
2010-06-23T00:00:00,short,0.82862,target,2010-06-23T03:00:00,0.82753,22,45
2010-07-09T03:00:00,long,0.83763,stopped,2010-07-09T04:00:00,0.83724,-8,37
2010-07-15T18:00:00,long,0.83856,stopped,2010-07-15T21:00:00,0.83685,-34,3
2010-07-28T00:00:00,short,0.83362,stopped,2010-07-28T05:00:00,0.83407,-9,-6
2010-07-28T09:00:00,short,0.83440,stopped,2010-07-28T10:00:00,0.83568,-26,-32
2010-07-28T11:00:00,short,0.83578,target,2010-07-28T15:00:00,0.83287,58,26
2010-08-05T09:00:00,short,0.82883,stopped,2010-08-05T10:00:00,0.83030,-29,-3
2010-08-09T12:00:00,long,0.83161,stopped,2010-08-09T17:00:00,0.82954,-41,-44
2010-08-10T10:00:00,long,0.83334,target,2010-08-10T11:00:00,0.83407,15,-29
2010-08-12T04:00:00,short,0.82230,target,2010-08-12T08:00:00,0.82123,21,-8
2010-08-12T08:00:00,short,0.82250,target,2010-08-12T12:00:00,0.82077,35,27
2010-08-12T12:00:00,short,0.82181,target,2010-08-12T15:00:00,0.82051,26,53
2010-08-12T15:00:00,short,0.82205,stopped,2010-08-12T17:00:00,0.82384,-36,17
2010-08-13T14:00:00,short,0.82117,stopped,2010-08-13T16:00:00,0.82213,-19,-2
2010-09-03T20:00:00,long,0.83406,target,2010-09-05T22:00:00,0.83511,21,19
2010-09-14T06:00:00,long,0.83563,target,2010-09-14T07:00:00,0.83630,14,33
2010-10-07T03:00:00,long,0.87713,target,2010-10-07T09:00:00,0.87796,17,50
2010-10-15T03:00:00,short,0.87743,stopped,2010-10-15T09:00:00,0.87859,-23,27
2010-10-26T05:00:00,short,0.88740,target,2010-10-26T09:00:00,0.88619,24,51
2010-10-27T07:00:00,short,0.87309,target,2010-10-27T09:00:00,0.87228,16,67
2010-10-27T22:00:00,short,0.87324,target,2010-10-28T00:00:00,0.87254,14,81
2010-11-16T15:00:00,long,0.84983,target,2010-11-16T17:00:00,0.85201,44,125
2010-11-22T13:00:00,long,0.85597,stopped,2010-11-22T15:00:00,0.85419,-35,90
2010-11-26T11:00:00,short,0.84525,target,2010-11-26T13:00:00,0.84300,45,135
2010-11-29T17:00:00,short,0.84278,stopped,2010-11-30T03:00:00,0.84485,-41,94
2010-12-01T00:00:00,short,0.83438,stopped,2010-12-01T01:00:00,0.83491,-11,83
2010-12-09T17:00:00,short,0.83778,stopped,2010-12-09T19:00:00,0.83952,-35,48
2010-12-10T17:00:00,short,0.83722,target,2010-12-12T23:00:00,0.83574,30,78
2010-12-22T12:00:00,long,0.84929,target,2010-12-23T10:00:00,0.85247,64,142
2010-12-30T11:00:00,long,0.85402,target,2010-12-30T12:00:00,0.85577,35,177
2011-01-12T12:00:00,long,0.83222,stopped,2011-01-12T19:00:00,0.83069,-30,147
2011-01-21T05:00:00,long,0.84769,stopped,2011-01-21T07:00:00,0.84719,-10,137
2011-01-27T15:00:00,short,0.85996,stopped,2011-01-27T17:00:00,0.86104,-22,115
2011-01-28T08:00:00,long,0.86242,target,2011-01-28T09:00:00,0.86319,15,130
2011-01-31T07:00:00,short,0.85768,stopped,2011-01-31T09:00:00,0.85840,-14,116
2011-02-04T18:00:00,short,0.84416,target,2011-02-04T19:00:00,0.84353,13,129
2011-02-08T09:00:00,long,0.84367,target,2011-02-08T10:00:00,0.84488,24,153
2011-02-10T00:00:00,long,0.85247,stopped,2011-02-10T02:00:00,0.85202,-9,144
2011-02-10T15:00:00,short,0.84845,target,2011-02-10T17:00:00,0.84667,35,179
2011-02-16T19:00:00,long,0.84333,stopped,2011-02-17T10:00:00,0.84174,-32,147
2011-02-25T03:00:00,long,0.85616,target,2011-02-25T11:00:00,0.85784,34,181
2011-03-01T03:00:00,short,0.84862,stopped,2011-03-01T07:00:00,0.84930,-14,167
2011-03-07T02:00:00,long,0.85995,stopped,2011-03-07T10:00:00,0.85914,-16,151
2011-03-08T09:00:00,long,0.86206,stopped,2011-03-08T10:00:00,0.86059,-29,122
2011-03-10T20:00:00,long,0.85956,target,2011-03-11T09:00:00,0.86089,27,149
2011-03-15T06:00:00,short,0.86409,stopped,2011-03-15T09:00:00,0.86568,-32,117
2011-03-15T09:00:00,short,0.86631,stopped,2011-03-15T16:00:00,0.86946,-63,54
2011-03-18T05:00:00,long,0.87042,target,2011-03-18T09:00:00,0.87167,25,79
2011-03-29T15:00:00,long,0.88112,stopped,2011-03-29T16:00:00,0.88036,-15,64
2011-04-04T16:00:00,short,0.88116,stopped,2011-04-04T20:00:00,0.88246,-26,38
2011-04-14T07:00:00,short,0.88755,target,2011-04-14T10:00:00,0.88641,23,61
2011-04-18T04:00:00,short,0.88222,target,2011-04-18T10:00:00,0.88097,25,86
2011-04-27T05:00:00,long,0.88958,target,2011-04-27T09:00:00,0.89056,19,105
2011-04-29T03:00:00,long,0.89102,stopped,2011-04-29T04:00:00,0.89028,-15,90
2011-05-09T18:00:00,short,0.87529,target,2011-05-10T03:00:00,0.87403,25,115
2011-05-11T09:00:00,long,0.87934,stopped,2011-05-11T11:00:00,0.87768,-33,82
2011-05-12T03:00:00,short,0.86880,target,2011-05-12T04:00:00,0.86742,28,110
2011-05-12T13:00:00,short,0.87068,stopped,2011-05-12T18:00:00,0.87386,-64,46
2011-05-19T20:00:00,long,0.88351,stopped,2011-05-19T21:00:00,0.88257,-19,27
2011-06-06T12:00:00,long,0.89104,stopped,2011-06-06T13:00:00,0.88982,-24,3
2011-06-14T14:00:00,short,0.88087,target,2011-06-14T16:00:00,0.87946,28,31
2011-06-14T16:00:00,short,0.88108,stopped,2011-06-14T17:00:00,0.88286,-36,-5
2011-06-15T16:00:00,short,0.87920,stopped,2011-06-15T17:00:00,0.88006,-17,-22
2011-06-16T15:00:00,short,0.87700,stopped,2011-06-16T22:00:00,0.87910,-42,-64
2011-06-17T04:00:00,long,0.87882,stopped,2011-06-17T07:00:00,0.87769,-23,-87
2011-06-22T00:00:00,long,0.88696,stopped,2011-06-22T01:00:00,0.88564,-27,-114
2011-07-08T00:00:00,long,0.89910,target,2011-07-08T05:00:00,0.89981,14,-100
2011-07-08T09:00:00,long,0.89892,stopped,2011-07-08T10:00:00,0.89783,-22,-122
2011-07-11T07:00:00,short,0.88693,stopped,2011-07-11T09:00:00,0.88781,-17,-139
2011-07-12T14:00:00,short,0.88271,target,2011-07-12T17:00:00,0.87869,80,-59
2011-07-13T17:00:00,long,0.88050,stopped,2011-07-14T20:00:00,0.87694,-71,-130
2011-07-15T17:00:00,short,0.87632,stopped,2011-07-15T19:00:00,0.87734,-21,-151
2011-07-18T23:00:00,long,0.87888,stopped,2011-07-19T01:00:00,0.87822,-13,-164
2011-07-19T15:00:00,long,0.87838,stopped,2011-07-19T16:00:00,0.87700,-28,-192
2011-07-19T17:00:00,long,0.87774,target,2011-07-20T09:00:00,0.88024,50,-142
2011-07-27T11:00:00,short,0.88242,stopped,2011-07-27T13:00:00,0.88366,-25,-167
2011-08-01T04:00:00,short,0.87477,stopped,2011-08-01T09:00:00,0.87642,-33,-200
2011-08-02T18:00:00,short,0.87389,target,2011-08-02T19:00:00,0.87208,36,-164
2011-08-04T12:00:00,short,0.87127,target,2011-08-04T15:00:00,0.86829,60,-104
2011-08-10T04:00:00,long,0.88080,target,2011-08-10T07:00:00,0.88159,16,-88
2011-08-11T20:00:00,short,0.87678,stopped,2011-08-11T21:00:00,0.87795,-23,-111
2011-08-16T22:00:00,short,0.87527,stopped,2011-08-17T00:00:00,0.87602,-15,-126
2011-08-17T10:00:00,short,0.87569,stopped,2011-08-17T11:00:00,0.87839,-54,-180
2011-08-19T00:00:00,short,0.86788,stopped,2011-08-19T05:00:00,0.86950,-32,-212
2011-08-22T12:00:00,long,0.87377,stopped,2011-08-22T20:00:00,0.87247,-26,-238
2011-08-25T01:00:00,long,0.88048,stopped,2011-08-25T04:00:00,0.87966,-16,-254
2011-09-09T02:00:00,short,0.87048,stopped,2011-09-09T05:00:00,0.87171,-25,-279
2011-09-28T09:00:00,short,0.86808,stopped,2011-09-28T10:00:00,0.86902,-19,-298
2011-10-04T19:00:00,long,0.86241,stopped,2011-10-05T04:00:00,0.86031,-42,-340
2011-10-05T21:00:00,long,0.86358,stopped,2011-10-06T03:00:00,0.86235,-25,-365
2011-10-11T08:00:00,long,0.87258,stopped,2011-10-11T09:00:00,0.87186,-14,-379
2011-10-12T16:00:00,long,0.87515,target,2011-10-12T20:00:00,0.87670,31,-348
2011-10-13T14:00:00,short,0.87529,target,2011-10-13T16:00:00,0.87333,39,-309
2011-10-17T17:00:00,short,0.87238,stopped,2011-10-18T03:00:00,0.87337,-20,-329
2011-10-20T10:00:00,short,0.87192,stopped,2011-10-20T11:00:00,0.87302,-22,-351
2011-11-02T13:00:00,long,0.86165,stopped,2011-11-02T14:00:00,0.86103,-12,-363
2011-11-04T14:00:00,long,0.86234,stopped,2011-11-04T15:00:00,0.85903,-66,-429
2011-11-08T10:00:00,short,0.85734,stopped,2011-11-08T16:00:00,0.85904,-34,-463
2011-11-10T02:00:00,short,0.85015,stopped,2011-11-10T03:00:00,0.85052,-7,-470
2011-11-10T03:00:00,short,0.85073,target,2011-11-10T08:00:00,0.84976,19,-451
2011-11-16T17:00:00,long,0.85681,target,2011-11-16T20:00:00,0.85818,27,-424
2011-11-21T09:00:00,long,0.85686,target,2011-11-21T13:00:00,0.85894,42,-382
2011-11-23T08:00:00,short,0.86224,stopped,2011-11-23T09:00:00,0.86301,-15,-397
2011-11-29T11:00:00,short,0.85725,stopped,2011-11-29T12:00:00,0.85830,-21,-418
2011-12-01T15:00:00,long,0.85806,target,2011-12-02T11:00:00,0.86009,41,-377
2011-12-06T02:00:00,short,0.85660,target,2011-12-06T03:00:00,0.85553,21,-356
2011-12-07T09:00:00,long,0.85995,target,2011-12-07T10:00:00,0.86108,23,-333
2011-12-08T18:00:00,short,0.85227,stopped,2011-12-08T22:00:00,0.85375,-30,-363
2011-12-15T10:00:00,long,0.83938,stopped,2011-12-20T10:00:00,0.83632,-61,-424
2011-12-26T03:00:00,long,0.83674,stopped,2011-12-26T06:00:00,0.83625,-10,-434
2011-12-29T01:00:00,long,0.83729,stopped,2011-12-29T02:00:00,0.83690,-8,-442
2012-01-03T11:00:00,short,0.83522,target,2012-01-04T09:00:00,0.83266,51,-391
2012-01-06T13:00:00,short,0.82549,target,2012-01-06T20:00:00,0.82418,26,-365
2012-01-11T10:00:00,short,0.82559,stopped,2012-01-11T11:00:00,0.82676,-23,-388
2012-01-15T22:00:00,short,0.82667,stopped,2012-01-15T23:00:00,0.82686,-4,-392
2012-01-16T12:00:00,short,0.82714,stopped,2012-01-17T03:00:00,0.82833,-24,-416
2012-01-20T00:00:00,long,0.83724,stopped,2012-01-20T02:00:00,0.83694,-6,-422
2012-01-25T17:00:00,short,0.83244,stopped,2012-01-25T19:00:00,0.83381,-27,-449
2012-02-07T12:00:00,long,0.83061,stopped,2012-02-07T13:00:00,0.83006,-11,-460
2012-02-10T09:00:00,long,0.83951,stopped,2012-02-10T10:00:00,0.83846,-21,-481
2012-02-15T12:00:00,long,0.83820,stopped,2012-02-15T14:00:00,0.83632,-38,-519
2012-02-22T10:00:00,long,0.83855,target,2012-02-22T11:00:00,0.84074,44,-475
2012-02-23T15:00:00,long,0.84560,target,2012-02-23T16:00:00,0.84674,23,-452
2012-02-28T13:00:00,long,0.84790,target,2012-02-28T14:00:00,0.84892,20,-432
2012-03-02T23:00:00,short,0.83391,target,2012-03-04T21:00:00,0.83321,14,-418
2012-03-05T10:00:00,long,0.83444,stopped,2012-03-05T11:00:00,0.83364,-16,-434
2012-03-06T14:00:00,short,0.83279,target,2012-03-06T15:00:00,0.83244,7,-427
2012-03-08T07:00:00,long,0.83577,stopped,2012-03-08T10:00:00,0.83523,-11,-438
2012-03-12T13:00:00,long,0.83884,target,2012-03-12T14:00:00,0.83956,14,-424
2012-03-13T03:00:00,long,0.84145,target,2012-03-13T04:00:00,0.84181,7,-417
2012-03-13T09:00:00,long,0.84134,stopped,2012-03-13T10:00:00,0.84060,-15,-432
2012-03-14T03:00:00,short,0.83283,stopped,2012-03-14T05:00:00,0.83338,-11,-443
2012-03-15T10:00:00,long,0.83299,target,2012-03-15T11:00:00,0.83410,22,-421
2012-03-19T22:00:00,long,0.83288,target,2012-03-20T05:00:00,0.83338,10,-411
2012-03-20T19:00:00,long,0.83404,target,2012-03-21T02:00:00,0.83501,19,-392
2012-03-21T14:00:00,long,0.83471,stopped,2012-03-21T16:00:00,0.83392,-16,-408
2012-03-21T16:00:00,long,0.83395,stopped,2012-03-22T10:00:00,0.83200,-39,-447
2012-03-23T02:00:00,long,0.83435,stopped,2012-03-23T09:00:00,0.83390,-9,-456
2012-03-23T09:00:00,long,0.83453,target,2012-03-23T10:00:00,0.83509,11,-445
2012-03-26T11:00:00,long,0.83515,target,2012-03-26T22:00:00,0.83694,36,-409
2012-03-27T04:00:00,long,0.83650,stopped,2012-03-27T09:00:00,0.83602,-10,-419
2012-04-06T08:00:00,short,0.82423,stopped,2012-04-06T15:00:00,0.82492,-14,-433
2012-04-06T15:00:00,short,0.82486,target,2012-04-06T17:00:00,0.82356,26,-407
2012-04-09T02:00:00,short,0.82423,target,2012-04-09T03:00:00,0.82322,20,-387
2012-04-09T18:00:00,short,0.82416,stopped,2012-04-09T20:00:00,0.82511,-19,-406
2012-04-10T20:00:00,long,0.82555,stopped,2012-04-10T21:00:00,0.82519,-7,-413
2012-04-12T17:00:00,long,0.82587,target,2012-04-12T18:00:00,0.82670,17,-396
2012-04-12T19:00:00,long,0.82575,stopped,2012-04-13T15:00:00,0.82461,-23,-419
2012-04-16T17:00:00,short,0.82450,stopped,2012-04-16T20:00:00,0.82633,-37,-456
2012-04-19T10:00:00,short,0.81851,target,2012-04-19T14:00:00,0.81640,42,-414
2012-04-19T21:00:00,short,0.81791,stopped,2012-04-20T01:00:00,0.81857,-13,-427
2012-04-20T11:00:00,long,0.81728,target,2012-04-20T21:00:00,0.82020,58,-369
2012-05-03T15:00:00,short,0.81364,target,2012-05-04T20:00:00,0.81021,69,-300
2012-05-09T14:00:00,short,0.80466,stopped,2012-05-09T15:00:00,0.80500,-7,-307
2012-05-10T01:00:00,short,0.80196,target,2012-05-10T02:00:00,0.80138,12,-295
2012-05-11T16:00:00,long,0.80386,stopped,2012-05-13T23:00:00,0.80295,-18,-313
2012-05-15T18:00:00,short,0.79683,target,2012-05-15T20:00:00,0.79583,20,-293
2012-05-17T13:00:00,long,0.80064,stopped,2012-05-17T14:00:00,0.80035,-6,-299
2012-05-17T14:00:00,long,0.80014,target,2012-05-17T15:00:00,0.80147,27,-272
2012-05-18T14:00:00,long,0.80366,target,2012-05-18T17:00:00,0.80483,23,-249
2012-05-21T10:00:00,long,0.80713,target,2012-05-21T19:00:00,0.80901,38,-211
2012-05-23T11:00:00,short,0.80517,target,2012-05-23T17:00:00,0.80333,37,-174
2012-05-24T23:00:00,short,0.80000,stopped,2012-05-25T01:00:00,0.80045,-9,-183
2012-05-30T09:00:00,short,0.79917,target,2012-05-30T13:00:00,0.79803,23,-160
2012-06-01T09:00:00,long,0.80354,stopped,2012-06-01T10:00:00,0.80305,-10,-170
2012-06-07T04:00:00,long,0.81196,stopped,2012-06-07T09:00:00,0.81143,-11,-181
2012-06-07T10:00:00,long,0.81212,stopped,2012-06-07T11:00:00,0.81118,-19,-200
2012-06-14T17:00:00,long,0.81039,target,2012-06-14T18:00:00,0.81101,12,-188
2012-06-15T02:00:00,long,0.81189,target,2012-06-15T06:00:00,0.81238,10,-178
2012-06-15T14:00:00,long,0.81145,stopped,2012-06-15T15:00:00,0.81078,-13,-191
2012-06-20T17:00:00,long,0.80699,target,2012-06-20T19:00:00,0.80834,27,-164
2012-06-25T13:00:00,short,0.80323,target,2012-06-26T10:00:00,0.80198,25,-139
2012-07-04T17:00:00,long,0.80321,stopped,2012-07-05T14:00:00,0.80112,-42,-181
2012-07-09T01:00:00,short,0.79297,stopped,2012-07-09T11:00:00,0.79408,-22,-203
2012-07-09T13:00:00,short,0.79432,target,2012-07-09T17:00:00,0.79238,39,-164
2012-07-11T09:00:00,short,0.78987,target,2012-07-11T10:00:00,0.78907,16,-148
2012-07-12T10:00:00,long,0.78984,stopped,2012-07-12T13:00:00,0.78906,-15,-163
2012-07-16T09:00:00,short,0.78611,stopped,2012-07-16T10:00:00,0.78679,-13,-176
2012-07-18T16:00:00,short,0.78366,stopped,2012-07-18T17:00:00,0.78441,-15,-191
2012-07-23T23:00:00,long,0.78142,stopped,2012-07-24T02:00:00,0.78088,-11,-202
2012-07-26T14:00:00,long,0.78338,stopped,2012-07-27T11:00:00,0.78087,-50,-252
2012-07-30T15:00:00,short,0.78053,stopped,2012-07-31T10:00:00,0.78209,-31,-283
2012-08-02T14:00:00,long,0.78918,stopped,2012-08-02T15:00:00,0.78874,-9,-292
2012-08-02T15:00:00,long,0.78567,target,2012-08-03T16:00:00,0.79132,113,-179
2012-08-13T04:00:00,short,0.78389,stopped,2012-08-13T12:00:00,0.78508,-24,-203
2012-08-22T03:00:00,long,0.79076,stopped,2012-08-22T04:00:00,0.79067,-2,-205
2012-09-06T13:00:00,long,0.79291,stopped,2012-09-06T14:00:00,0.79244,-10,-215
2012-09-19T15:00:00,short,0.80323,stopped,2012-09-19T17:00:00,0.80463,-28,-243
2012-09-21T07:00:00,short,0.79894,stopped,2012-09-21T08:00:00,0.79938,-9,-252
2012-09-21T11:00:00,short,0.79994,target,2012-09-21T14:00:00,0.79778,43,-209
2012-09-28T22:00:00,long,0.79617,stopped,2012-09-28T23:00:00,0.79581,-7,-216
2012-10-01T05:00:00,short,0.79516,stopped,2012-10-01T09:00:00,0.79569,-11,-227
2012-10-03T11:00:00,long,0.80157,stopped,2012-10-03T14:00:00,0.80077,-16,-243
2012-10-09T07:00:00,long,0.80923,stopped,2012-10-09T09:00:00,0.80898,-5,-248
2012-10-09T09:00:00,long,0.80896,stopped,2012-10-09T10:00:00,0.80828,-13,-261
2012-10-16T10:00:00,long,0.80733,target,2012-10-16T11:00:00,0.80811,16,-245
2012-10-19T09:00:00,long,0.81386,stopped,2012-10-19T12:00:00,0.81314,-14,-259
2012-10-29T07:00:00,long,0.80370,stopped,2012-10-29T08:00:00,0.80330,-8,-267
2012-10-31T13:00:00,long,0.80696,stopped,2012-10-31T15:00:00,0.80647,-10,-277
2012-11-02T14:00:00,short,0.80193,target,2012-11-05T05:00:00,0.80001,38,-239
2012-11-07T15:00:00,short,0.79895,target,2012-11-07T16:00:00,0.79777,24,-215
2012-11-07T22:00:00,short,0.79865,stopped,2012-11-08T00:00:00,0.79917,-10,-225
2012-11-22T09:00:00,long,0.80485,target,2012-11-22T11:00:00,0.80557,14,-211
2012-11-26T17:00:00,long,0.80908,target,2012-11-27T00:00:00,0.81105,39,-172
2012-11-27T02:00:00,long,0.81010,stopped,2012-11-27T03:00:00,0.80923,-17,-189
2012-12-04T12:00:00,short,0.81116,stopped,2012-12-04T14:00:00,0.81236,-24,-213
2012-12-12T10:00:00,long,0.80690,target,2012-12-12T14:00:00,0.80796,21,-192
2012-12-27T10:00:00,long,0.82070,stopped,2012-12-27T12:00:00,0.81991,-16,-208
2012-12-28T10:00:00,long,0.82065,stopped,2012-12-28T11:00:00,0.81889,-35,-243
2013-01-14T03:00:00,long,0.82861,target,2013-01-14T04:00:00,0.82901,8,-235
2013-01-21T06:00:00,long,0.83944,stopped,2013-01-21T07:00:00,0.83927,-3,-238
2013-01-21T07:00:00,long,0.83919,stopped,2013-01-21T10:00:00,0.83868,-10,-248
2013-01-31T20:00:00,short,0.85608,stopped,2013-02-01T00:00:00,0.85678,-14,-262
2013-02-05T12:00:00,short,0.85936,stopped,2013-02-05T17:00:00,0.86220,-57,-319
2013-02-18T14:00:00,long,0.86238,stopped,2013-02-19T10:00:00,0.86117,-24,-343
2013-03-06T09:00:00,long,0.86304,target,2013-03-06T10:00:00,0.86383,16,-327
2013-03-08T00:00:00,long,0.87301,stopped,2013-03-08T01:00:00,0.87259,-8,-335
2013-03-08T15:00:00,long,0.87076,target,2013-03-11T13:00:00,0.87443,73,-262
2013-03-22T08:00:00,short,0.84920,stopped,2013-03-22T10:00:00,0.85003,-17,-279
2013-03-27T12:00:00,short,0.84653,target,2013-03-27T14:00:00,0.84523,26,-253
2013-04-07T22:00:00,short,0.84764,target,2013-04-08T02:00:00,0.84658,21,-232
2013-04-09T14:00:00,long,0.85188,target,2013-04-09T15:00:00,0.85342,31,-201
2013-04-18T17:00:00,short,0.85552,target,2013-04-19T10:00:00,0.85288,53,-148
2013-04-19T18:00:00,long,0.85661,target,2013-04-19T19:00:00,0.85810,30,-118
2013-04-23T06:00:00,short,0.85437,stopped,2013-04-23T08:00:00,0.85494,-11,-129
2013-04-23T09:00:00,short,0.85575,target,2013-04-23T10:00:00,0.85404,34,-95
2013-04-24T11:00:00,short,0.85195,target,2013-04-24T17:00:00,0.84996,40,-55
2013-05-06T18:00:00,short,0.84098,stopped,2013-05-07T07:00:00,0.84196,-20,-75
2013-05-20T02:00:00,long,0.84552,stopped,2013-05-20T05:00:00,0.84488,-13,-88
2013-05-21T01:00:00,short,0.84453,stopped,2013-05-21T04:00:00,0.84509,-11,-99
2013-05-30T17:00:00,long,0.85790,stopped,2013-05-31T11:00:00,0.85603,-37,-136
2013-05-31T18:00:00,short,0.85533,target,2013-05-31T19:00:00,0.85430,21,-115
2013-06-04T15:00:00,long,0.85456,stopped,2013-06-05T10:00:00,0.85334,-25,-140
2013-06-06T11:00:00,short,0.84978,target,2013-06-06T12:00:00,0.84907,14,-126
2013-06-07T15:00:00,long,0.85062,target,2013-06-07T16:00:00,0.85227,33,-93
2013-06-11T08:00:00,long,0.85110,target,2013-06-11T10:00:00,0.85191,16,-77
2013-06-11T20:00:00,long,0.85125,stopped,2013-06-12T08:00:00,0.85024,-20,-97
2013-06-17T19:00:00,short,0.84946,stopped,2013-06-17T21:00:00,0.85016,-14,-111
2013-06-20T08:00:00,long,0.85809,stopped,2013-06-20T10:00:00,0.85727,-16,-127
2013-06-25T19:00:00,short,0.84915,target,2013-06-26T00:00:00,0.84785,26,-101
2013-06-26T10:00:00,short,0.84863,stopped,2013-06-27T09:00:00,0.85045,-36,-137
2013-06-28T09:00:00,long,0.85569,stopped,2013-06-28T10:00:00,0.85533,-7,-144
2013-06-28T11:00:00,long,0.85538,target,2013-06-28T13:00:00,0.85700,32,-112
2013-06-28T23:00:00,long,0.85542,target,2013-06-30T23:00:00,0.85622,16,-96
2013-07-01T11:00:00,long,0.85650,target,2013-07-02T02:00:00,0.85918,54,-42
2013-07-02T02:00:00,long,0.85875,stopped,2013-07-02T10:00:00,0.85825,-10,-52
2013-07-04T18:00:00,long,0.85700,target,2013-07-04T19:00:00,0.85799,20,-32
2013-07-04T19:00:00,long,0.85691,target,2013-07-05T01:00:00,0.85838,29,-3
2013-07-09T10:00:00,short,0.86101,stopped,2013-07-09T11:00:00,0.86207,-21,-24
2013-07-09T11:00:00,short,0.86408,target,2013-07-09T20:00:00,0.85991,83,59
2013-07-10T08:00:00,short,0.85924,stopped,2013-07-10T11:00:00,0.86107,-37,22
2013-07-15T14:00:00,long,0.86474,stopped,2013-07-15T15:00:00,0.86395,-16,6
2013-07-17T11:00:00,long,0.86508,stopped,2013-07-19T12:00:00,0.85915,-118,-112
2013-07-29T17:00:00,long,0.86350,target,2013-07-29T23:00:00,0.86444,19,-93
2013-07-30T00:00:00,long,0.86450,stopped,2013-07-30T01:00:00,0.86435,-3,-96
2013-08-01T03:00:00,long,0.87628,stopped,2013-08-01T05:00:00,0.87572,-11,-107
2013-08-12T00:00:00,short,0.86031,target,2013-08-12T03:00:00,0.85955,15,-92
2013-08-12T21:00:00,short,0.86029,target,2013-08-13T10:00:00,0.85955,15,-77
2013-08-13T13:00:00,long,0.86041,stopped,2013-08-13T14:00:00,0.85991,-10,-87
2013-08-30T20:00:00,short,0.85321,target,2013-08-30T21:00:00,0.85254,13,-74
2013-09-25T23:00:00,short,0.84112,stopped,2013-09-26T00:00:00,0.84140,-6,-80
2013-09-26T11:00:00,short,0.84184,target,2013-09-27T08:00:00,0.83937,50,-30
2013-10-09T12:00:00,long,0.84647,target,2013-10-09T13:00:00,0.84700,11,-19
2013-10-10T14:00:00,long,0.84825,stopped,2013-10-10T15:00:00,0.84763,-12,-31
2013-10-11T00:00:00,short,0.84685,stopped,2013-10-11T06:00:00,0.84725,-8,-39
2013-10-11T22:00:00,long,0.84918,stopped,2013-10-11T23:00:00,0.84908,-2,-41
2013-10-11T23:00:00,long,0.84883,target,2013-10-13T21:00:00,0.84964,16,-25
2013-10-18T16:00:00,short,0.84544,stopped,2013-10-18T18:00:00,0.84624,-16,-41
2013-11-06T05:00:00,short,0.83982,target,2013-11-06T11:00:00,0.83840,28,-13
2013-11-06T16:00:00,short,0.84052,target,2013-11-07T14:00:00,0.83893,32,19
2013-11-15T13:00:00,short,0.83653,stopped,2013-11-15T14:00:00,0.83711,-12,7
2013-11-19T11:00:00,long,0.83978,stopped,2013-11-19T12:00:00,0.83955,-4,3
2013-11-22T01:00:00,short,0.83259,target,2013-11-22T05:00:00,0.83192,13,16
2013-11-22T10:00:00,short,0.83279,stopped,2013-11-22T11:00:00,0.83366,-17,-1
2013-12-04T02:00:00,long,0.82920,stopped,2013-12-04T03:00:00,0.82898,-4,-5
2013-12-16T05:00:00,long,0.84385,stopped,2013-12-16T08:00:00,0.84344,-8,-13
2013-12-16T17:00:00,long,0.84389,stopped,2013-12-16T19:00:00,0.84311,-15,-28
2013-12-19T11:00:00,short,0.83518,stopped,2013-12-19T15:00:00,0.83618,-20,-48
2013-12-20T11:00:00,short,0.83489,stopped,2013-12-20T18:00:00,0.83668,-36,-84
2013-12-23T21:00:00,long,0.83742,target,2013-12-24T00:00:00,0.83808,13,-71
2013-12-30T07:00:00,short,0.83399,target,2013-12-30T10:00:00,0.83344,11,-60
2013-12-31T14:00:00,short,0.83314,stopped,2013-12-31T15:00:00,0.83385,-14,-74
2014-01-16T17:00:00,long,0.83207,target,2014-01-17T04:00:00,0.83377,34,-40
2014-01-20T02:00:00,short,0.82403,stopped,2014-01-20T09:00:00,0.82487,-17,-57
2014-01-23T17:00:00,long,0.82262,target,2014-01-23T21:00:00,0.82382,24,-33
2014-01-27T11:00:00,long,0.82807,stopped,2014-01-27T12:00:00,0.82595,-42,-75
2014-01-28T17:00:00,short,0.82384,stopped,2014-01-29T11:00:00,0.82490,-21,-96
2014-01-29T15:00:00,short,0.82418,stopped,2014-01-30T11:00:00,0.82643,-45,-141
2014-01-31T09:00:00,short,0.82288,target,2014-01-31T14:00:00,0.82126,32,-109
2014-02-04T00:00:00,long,0.82934,stopped,2014-02-04T05:00:00,0.82855,-16,-125
2014-02-05T15:00:00,long,0.83073,stopped,2014-02-06T14:00:00,0.82817,-51,-176
2014-02-11T03:00:00,long,0.83224,stopped,2014-02-11T09:00:00,0.83182,-8,-184
2014-02-11T16:00:00,short,0.83025,target,2014-02-12T06:00:00,0.82851,35,-149
2014-02-19T06:00:00,long,0.82445,stopped,2014-02-19T09:00:00,0.82390,-11,-160
2014-02-24T10:00:00,long,0.82604,stopped,2014-02-25T12:00:00,0.82351,-50,-210
2014-02-27T09:00:00,short,0.82141,target,2014-02-27T10:00:00,0.82045,19,-191
2014-03-18T03:00:00,long,0.83740,stopped,2014-03-18T07:00:00,0.83716,-5,-196
2014-03-19T20:00:00,short,0.83644,target,2014-03-20T02:00:00,0.83552,18,-178
2014-03-21T16:00:00,long,0.83683,stopped,2014-03-21T17:00:00,0.83667,-3,-181
2014-03-21T17:00:00,long,0.83553,target,2014-03-23T21:00:00,0.83724,34,-147
2014-03-24T05:00:00,long,0.83704,stopped,2014-03-24T06:00:00,0.83701,-1,-148
2014-03-24T08:00:00,long,0.83700,stopped,2014-03-24T09:00:00,0.83664,-7,-155
2014-03-25T11:00:00,long,0.83730,stopped,2014-03-25T14:00:00,0.83538,-38,-193
2014-03-25T18:00:00,short,0.83539,target,2014-03-26T13:00:00,0.83339,40,-153
2014-03-28T17:00:00,short,0.82667,stopped,2014-03-31T11:00:00,0.82742,-15,-168
2014-04-03T15:00:00,long,0.82921,stopped,2014-04-03T16:00:00,0.82706,-43,-211
2014-04-07T16:00:00,long,0.82709,stopped,2014-04-08T10:00:00,0.82638,-14,-225
2014-04-09T06:00:00,short,0.82353,target,2014-04-09T09:00:00,0.82319,7,-218
2014-04-09T09:00:00,short,0.82373,stopped,2014-04-09T11:00:00,0.82444,-14,-232
2014-04-14T02:00:00,short,0.82774,stopped,2014-04-14T03:00:00,0.82842,-14,-246
2014-04-15T19:00:00,short,0.82616,target,2014-04-16T11:00:00,0.82499,24,-222
2014-04-17T05:00:00,short,0.82222,stopped,2014-04-17T09:00:00,0.82255,-7,-229
2014-04-17T11:00:00,short,0.82241,stopped,2014-04-17T12:00:00,0.82314,-15,-244
2014-04-21T01:00:00,short,0.82245,stopped,2014-04-21T02:00:00,0.82284,-8,-252
2014-04-21T11:00:00,short,0.82231,target,2014-04-21T17:00:00,0.82181,10,-242
2014-04-22T15:00:00,short,0.82145,target,2014-04-22T17:00:00,0.82037,22,-220
2014-04-28T03:00:00,long,0.82342,stopped,2014-04-28T09:00:00,0.82256,-17,-237
2014-04-30T12:00:00,short,0.82190,target,2014-05-06T17:00:00,0.81950,48,-189
2014-05-07T09:00:00,short,0.81996,stopped,2014-05-07T10:00:00,0.82071,-15,-204
2014-05-09T11:00:00,short,0.81719,stopped,2014-05-09T15:00:00,0.81818,-20,-224
2014-05-12T04:00:00,short,0.81623,stopped,2014-05-12T09:00:00,0.81667,-9,-233
2014-05-13T11:00:00,long,0.81647,stopped,2014-05-13T12:00:00,0.81565,-16,-249
2014-05-14T08:00:00,short,0.81397,target,2014-05-14T10:00:00,0.81336,12,-237
2014-05-14T12:00:00,long,0.81594,stopped,2014-05-20T10:00:00,0.81359,-47,-284
2014-05-26T18:00:00,long,0.81028,stopped,2014-05-26T19:00:00,0.81011,-3,-287
2014-05-27T03:00:00,long,0.81029,stopped,2014-05-27T09:00:00,0.80950,-16,-303
2014-05-30T09:00:00,short,0.81291,stopped,2014-05-30T12:00:00,0.81391,-20,-323
2014-05-30T17:00:00,short,0.81351,target,2014-06-02T10:00:00,0.81255,19,-304
2014-06-02T11:00:00,short,0.81241,target,2014-06-03T10:00:00,0.81141,20,-284
2014-06-04T11:00:00,long,0.81373,stopped,2014-06-04T14:00:00,0.81256,-23,-307
2014-06-05T11:00:00,short,0.81228,target,2014-06-05T12:00:00,0.81168,12,-295
2014-06-13T00:00:00,short,0.80051,target,2014-06-13T02:00:00,0.79994,11,-284
2014-06-17T15:00:00,long,0.79840,stopped,2014-06-18T11:00:00,0.79733,-21,-305
2014-06-18T11:00:00,short,0.79986,stopped,2014-06-25T09:00:00,0.80289,-61,-366
2014-07-10T17:00:00,short,0.79481,target,2014-07-10T21:00:00,0.79356,25,-341
2014-07-23T00:00:00,short,0.78915,stopped,2014-07-23T04:00:00,0.78947,-6,-347
2014-07-31T00:00:00,long,0.79203,target,2014-07-31T02:00:00,0.79228,5,-342
2014-08-06T04:00:00,short,0.79225,target,2014-08-06T09:00:00,0.79178,10,-332
2014-08-07T10:00:00,long,0.79417,stopped,2014-08-07T11:00:00,0.79377,-8,-340
2014-08-19T09:00:00,short,0.79894,stopped,2014-08-19T11:00:00,0.79971,-16,-356
2014-08-19T19:00:00,long,0.80140,stopped,2014-08-20T04:00:00,0.80118,-4,-360
2014-08-22T11:00:00,long,0.80065,stopped,2014-08-22T15:00:00,0.79999,-13,-373
2014-08-28T10:00:00,long,0.79577,stopped,2014-08-28T13:00:00,0.79492,-17,-390
2014-09-03T09:00:00,long,0.79727,target,2014-09-03T11:00:00,0.79798,14,-376
2014-09-03T11:00:00,long,0.79720,target,2014-09-03T14:00:00,0.79869,30,-346
2014-09-12T19:00:00,long,0.79742,stopped,2014-09-12T20:00:00,0.79674,-14,-360
2014-09-25T23:00:00,short,0.78151,target,2014-09-26T03:00:00,0.78100,10,-350
2014-10-02T04:00:00,long,0.77931,target,2014-10-02T11:00:00,0.78009,16,-334
2014-10-09T19:00:00,short,0.78707,stopped,2014-10-10T10:00:00,0.78847,-28,-362
2014-10-14T00:00:00,long,0.79268,stopped,2014-10-14T02:00:00,0.79198,-14,-376
2014-10-15T11:00:00,long,0.79502,target,2014-10-15T15:00:00,0.79678,35,-341
2014-10-23T09:00:00,short,0.78777,stopped,2014-10-23T10:00:00,0.78847,-14,-355
2014-10-23T10:00:00,short,0.78826,stopped,2014-10-23T11:00:00,0.78951,-25,-380
2014-11-05T17:00:00,short,0.78171,target,2014-11-05T18:00:00,0.78099,14,-366
2014-11-11T10:00:00,short,0.78332,target,2014-11-11T11:00:00,0.78259,15,-351
2014-11-13T04:00:00,long,0.78879,target,2014-11-13T09:00:00,0.78939,12,-339
2014-11-14T02:00:00,long,0.79441,stopped,2014-11-14T07:00:00,0.79390,-10,-349
2014-11-17T04:00:00,long,0.79926,stopped,2014-11-17T06:00:00,0.79833,-19,-368
2014-11-18T12:00:00,long,0.79894,target,2014-11-18T17:00:00,0.80111,43,-325
2014-11-19T05:00:00,long,0.80191,stopped,2014-11-19T08:00:00,0.80159,-6,-331
2014-11-24T14:00:00,short,0.79121,stopped,2014-11-24T15:00:00,0.79198,-15,-346
2014-11-25T10:00:00,long,0.79270,target,2014-11-25T16:00:00,0.79388,24,-322
2014-11-26T11:00:00,long,0.79329,stopped,2014-11-26T12:00:00,0.79168,-32,-354
2014-12-02T09:00:00,short,0.79266,target,2014-12-02T10:00:00,0.79212,11,-343
2014-12-05T08:00:00,long,0.79093,stopped,2014-12-05T11:00:00,0.78957,-27,-370
2014-12-11T18:00:00,short,0.78908,target,2014-12-11T20:00:00,0.78822,17,-353
2014-12-12T09:00:00,short,0.78925,stopped,2014-12-12T10:00:00,0.79120,-39,-392
2014-12-16T11:00:00,long,0.79668,stopped,2014-12-17T10:00:00,0.79275,-79,-471
2014-12-24T19:00:00,short,0.78388,target,2014-12-24T20:00:00,0.78356,6,-465
2014-12-24T20:00:00,short,0.78415,stopped,2014-12-26T05:00:00,0.78492,-15,-480
2014-12-30T06:00:00,short,0.78235,target,2014-12-30T08:00:00,0.78180,11,-469
2014-12-30T08:00:00,short,0.78243,stopped,2014-12-30T09:00:00,0.78327,-17,-486
2015-01-06T16:00:00,long,0.78445,target,2015-01-06T17:00:00,0.78560,23,-463
2015-01-08T17:00:00,short,0.78192,target,2015-01-08T21:00:00,0.78058,27,-436
2015-01-09T21:00:00,short,0.78089,target,2015-01-11T22:00:00,0.78021,14,-422
2015-01-12T08:00:00,long,0.78177,target,2015-01-12T10:00:00,0.78261,17,-405
2015-01-12T10:00:00,long,0.78175,stopped,2015-01-12T12:00:00,0.78053,-24,-429
2015-01-14T10:00:00,short,0.77691,target,2015-01-14T11:00:00,0.77461,46,-383
2015-01-16T23:00:00,short,0.76374,stopped,2015-01-19T09:00:00,0.76490,-23,-406
2015-01-23T08:00:00,short,0.75632,stopped,2015-01-23T09:00:00,0.75749,-24,-430
2015-01-29T10:00:00,short,0.74642,stopped,2015-01-29T13:00:00,0.74839,-39,-469
2015-01-30T17:00:00,long,0.75138,stopped,2015-01-30T23:00:00,0.74956,-36,-505
2015-02-05T11:00:00,short,0.74732,stopped,2015-02-05T12:00:00,0.74907,-35,-540
2015-02-10T20:00:00,short,0.74217,target,2015-02-11T10:00:00,0.74100,23,-517
2015-02-11T23:00:00,short,0.74393,target,2015-02-12T12:00:00,0.74059,67,-450
2015-02-12T12:00:00,long,0.73992,stopped,2015-02-20T10:00:00,0.73442,-110,-560
2015-02-20T10:00:00,short,0.73646,stopped,2015-02-20T17:00:00,0.73901,-51,-611
2015-02-27T10:00:00,short,0.72898,target,2015-02-27T16:00:00,0.72560,68,-543
2015-03-02T16:00:00,long,0.72881,stopped,2015-03-02T19:00:00,0.72758,-25,-568
2015-03-05T15:00:00,long,0.72454,stopped,2015-03-06T13:00:00,0.72047,-81,-649
2015-03-10T02:00:00,short,0.71733,target,2015-03-10T05:00:00,0.71695,8,-641
2015-03-13T12:00:00,long,0.71346,target,2015-03-13T14:00:00,0.71562,43,-598
2015-03-19T12:00:00,short,0.71772,stopped,2015-03-19T15:00:00,0.72014,-48,-646
2015-03-31T09:00:00,short,0.72974,target,2015-03-31T10:00:00,0.72889,17,-629
2015-04-07T08:00:00,short,0.73357,target,2015-04-07T09:00:00,0.73305,10,-619
2015-04-23T09:00:00,short,0.71278,target,2015-04-23T10:00:00,0.71175,21,-598
2015-04-23T10:00:00,short,0.71304,stopped,2015-04-23T11:00:00,0.71443,-28,-626
2015-04-28T05:00:00,short,0.71429,target,2015-04-28T07:00:00,0.71396,7,-619
2015-04-28T18:00:00,long,0.71632,stopped,2015-04-29T00:00:00,0.71555,-15,-634
2015-05-05T15:00:00,short,0.73606,target,2015-05-05T17:00:00,0.73475,26,-608
2015-05-05T17:00:00,short,0.73632,stopped,2015-05-06T10:00:00,0.73958,-65,-673
2015-05-18T10:00:00,long,0.72631,stopped,2015-05-18T16:00:00,0.72434,-39,-712
2015-05-20T10:00:00,short,0.71654,target,2015-05-20T16:00:00,0.71444,42,-670
2015-06-16T10:00:00,long,0.72406,stopped,2015-06-16T11:00:00,0.72312,-19,-689
2015-06-22T14:00:00,long,0.71691,target,2015-06-22T15:00:00,0.71812,24,-665
2015-06-25T06:00:00,long,0.71435,stopped,2015-06-25T08:00:00,0.71396,-8,-673
2015-06-25T09:00:00,long,0.71310,stopped,2015-06-25T12:00:00,0.71157,-31,-704
2015-07-03T11:00:00,long,0.71083,stopped,2015-07-03T14:00:00,0.70987,-19,-723
2015-07-10T09:00:00,long,0.72036,stopped,2015-07-10T21:00:00,0.71843,-39,-762
2015-07-13T06:00:00,short,0.71826,stopped,2015-07-13T09:00:00,0.71980,-31,-793
2015-07-27T06:00:00,long,0.70877,target,2015-07-27T09:00:00,0.70967,18,-775
2015-07-30T07:00:00,short,0.70341,target,2015-07-30T09:00:00,0.70303,8,-767
2015-08-04T13:00:00,long,0.70386,stopped,2015-08-04T14:00:00,0.70327,-12,-779
2015-08-05T08:00:00,short,0.69936,target,2015-08-05T09:00:00,0.69884,10,-769
2015-08-06T09:00:00,long,0.69829,target,2015-08-06T14:00:00,0.70039,42,-727
2015-08-07T15:00:00,long,0.70180,target,2015-08-07T17:00:00,0.70653,95,-632
2015-08-12T09:00:00,long,0.71112,target,2015-08-12T10:00:00,0.71222,22,-610
2015-08-14T14:00:00,long,0.71449,stopped,2015-08-14T16:00:00,0.71320,-26,-636
2015-08-17T17:00:00,short,0.71009,stopped,2015-08-17T22:00:00,0.71115,-21,-657
2015-08-28T12:00:00,long,0.73256,stopped,2015-08-28T18:00:00,0.72978,-56,-713
2015-09-03T06:00:00,short,0.73373,stopped,2015-09-03T08:00:00,0.73461,-17,-730
2015-09-09T16:00:00,short,0.72456,stopped,2015-09-09T17:00:00,0.72517,-12,-742
2015-09-10T20:00:00,long,0.72954,target,2015-09-11T01:00:00,0.73105,30,-712
2015-09-14T01:00:00,long,0.73460,stopped,2015-09-14T10:00:00,0.73360,-20,-732
2015-09-14T10:00:00,long,0.73316,stopped,2015-09-16T11:00:00,0.73052,-53,-785
2015-09-22T00:00:00,short,0.72155,target,2015-09-22T01:00:00,0.72120,7,-778
2015-09-22T03:00:00,short,0.72164,target,2015-09-22T08:00:00,0.72100,13,-765
2015-09-23T10:00:00,long,0.72508,target,2015-09-23T13:00:00,0.72852,69,-696
2015-09-24T11:00:00,long,0.73380,target,2015-09-24T12:00:00,0.73483,21,-675
2015-09-24T12:00:00,long,0.73370,target,2015-09-24T13:00:00,0.73501,26,-649
2015-09-29T00:00:00,long,0.74090,stopped,2015-09-29T01:00:00,0.74061,-6,-655
2015-09-30T21:00:00,short,0.73855,target,2015-10-01T04:00:00,0.73773,17,-638
2015-10-01T11:00:00,short,0.73685,stopped,2015-10-01T17:00:00,0.73820,-27,-665
2015-10-02T15:00:00,short,0.74128,target,2015-10-07T10:00:00,0.73495,127,-538
2015-10-23T00:00:00,short,0.72164,target,2015-10-23T02:00:00,0.72013,30,-508
2015-10-23T08:00:00,short,0.72168,stopped,2015-10-23T10:00:00,0.72235,-13,-521
2015-10-30T16:00:00,long,0.71814,stopped,2015-10-30T17:00:00,0.71644,-34,-555
2015-11-06T08:00:00,long,0.71551,target,2015-11-06T10:00:00,0.71623,14,-541
2015-11-09T18:00:00,short,0.71200,target,2015-11-10T08:00:00,0.71071,26,-515
2015-11-17T06:00:00,short,0.70239,stopped,2015-11-17T07:00:00,0.70285,-9,-524
2015-11-18T21:00:00,short,0.69910,stopped,2015-11-19T01:00:00,0.70010,-20,-544
2015-11-19T18:00:00,long,0.70119,stopped,2015-11-20T09:00:00,0.69980,-28,-572
2015-11-24T02:00:00,long,0.70316,stopped,2015-11-24T04:00:00,0.70285,-6,-578
2015-11-25T21:00:00,short,0.70171,stopped,2015-11-26T00:00:00,0.70232,-12,-590
2015-11-27T11:00:00,long,0.70391,stopped,2015-11-27T13:00:00,0.70315,-15,-605
2015-11-27T13:00:00,long,0.70324,target,2015-11-27T19:00:00,0.70496,34,-571
2015-11-30T14:00:00,long,0.70457,stopped,2015-11-30T15:00:00,0.70407,-10,-581
2015-11-30T21:00:00,short,0.70211,target,2015-12-01T02:00:00,0.70134,15,-566
2015-12-01T03:00:00,short,0.70148,stopped,2015-12-01T04:00:00,0.70190,-8,-574
2015-12-02T10:00:00,long,0.70469,target,2015-12-02T11:00:00,0.70585,23,-551
2015-12-14T09:00:00,short,0.72216,stopped,2015-12-14T13:00:00,0.72375,-32,-583
2015-12-17T09:00:00,short,0.72653,stopped,2015-12-17T10:00:00,0.72776,-25,-608
2015-12-21T13:00:00,long,0.72934,target,2015-12-21T15:00:00,0.73033,20,-588
2015-12-22T12:00:00,long,0.73438,stopped,2015-12-22T13:00:00,0.73423,-3,-591
2015-12-23T16:00:00,short,0.73307,target,2015-12-23T17:00:00,0.73188,24,-567
2015-12-28T14:00:00,long,0.73608,target,2015-12-28T18:00:00,0.73781,35,-532
2015-12-29T17:00:00,long,0.73709,stopped,2015-12-30T18:00:00,0.73513,-39,-571
2016-01-14T00:00:00,long,0.75470,target,2016-01-14T01:00:00,0.75524,11,-560
2016-01-19T10:00:00,short,0.76099,target,2016-01-19T11:00:00,0.75945,31,-529
2016-01-20T13:00:00,long,0.77053,stopped,2016-01-20T15:00:00,0.76892,-32,-561
2016-01-20T15:00:00,long,0.77007,stopped,2016-01-20T16:00:00,0.76881,-25,-586
2016-01-27T22:00:00,long,0.76464,stopped,2016-01-28T09:00:00,0.76275,-38,-624
2016-02-10T15:00:00,short,0.77398,stopped,2016-02-10T16:00:00,0.77510,-22,-646
2016-02-12T15:00:00,short,0.77646,stopped,2016-02-12T16:00:00,0.77830,-37,-683
2016-02-25T08:00:00,long,0.79121,target,2016-02-25T09:00:00,0.79261,28,-655
2016-02-25T13:00:00,long,0.79073,stopped,2016-02-25T14:00:00,0.78897,-35,-690
2016-03-08T11:00:00,long,0.77365,target,2016-03-08T13:00:00,0.77521,31,-659
2016-03-08T13:00:00,long,0.77468,target,2016-03-08T14:00:00,0.77570,20,-639
2016-03-14T13:00:00,short,0.77432,stopped,2016-03-14T15:00:00,0.77510,-16,-655
2016-03-14T15:00:00,short,0.77576,stopped,2016-03-15T01:00:00,0.77788,-43,-698
2016-03-16T12:00:00,long,0.78557,target,2016-03-16T14:00:00,0.78724,33,-665
2016-03-17T07:00:00,long,0.78795,target,2016-03-17T08:00:00,0.78869,15,-650
2016-03-29T12:00:00,short,0.78527,target,2016-03-29T14:00:00,0.78363,33,-617
2016-03-31T00:00:00,long,0.78817,target,2016-03-31T03:00:00,0.78882,13,-604
2016-03-31T03:00:00,long,0.78853,stopped,2016-03-31T04:00:00,0.78827,-5,-609
2016-04-21T15:00:00,short,0.78840,target,2016-04-22T11:00:00,0.78535,61,-548
2016-04-25T09:00:00,short,0.77900,stopped,2016-04-25T10:00:00,0.78056,-31,-579
2016-04-27T11:00:00,long,0.77598,target,2016-04-27T20:00:00,0.77857,52,-527
2016-04-28T01:00:00,long,0.77903,stopped,2016-04-28T03:00:00,0.77871,-6,-533
2016-04-28T16:00:00,long,0.77854,stopped,2016-04-28T17:00:00,0.77777,-15,-548
2016-04-29T12:00:00,long,0.78008,stopped,2016-04-29T14:00:00,0.77930,-16,-564
2016-05-03T09:00:00,long,0.78487,target,2016-05-03T11:00:00,0.78680,39,-525
2016-05-11T01:00:00,short,0.78713,target,2016-05-11T02:00:00,0.78694,4,-521
2016-05-11T12:00:00,long,0.78979,target,2016-05-11T17:00:00,0.79103,25,-496
2016-05-16T16:00:00,long,0.78786,stopped,2016-05-16T17:00:00,0.78716,-14,-510
2016-05-19T00:00:00,short,0.76846,stopped,2016-05-19T01:00:00,0.76877,-6,-516
2016-05-20T10:00:00,long,0.76969,target,2016-05-20T16:00:00,0.77134,33,-483
2016-05-27T03:00:00,long,0.76270,target,2016-05-27T09:00:00,0.76376,21,-462
2016-05-27T12:00:00,long,0.76237,stopped,2016-05-27T17:00:00,0.76037,-40,-502
2016-05-31T12:00:00,long,0.76292,stopped,2016-05-31T15:00:00,0.76168,-25,-527
2016-06-02T11:00:00,long,0.77625,stopped,2016-06-02T14:00:00,0.77508,-24,-551
2016-06-13T06:00:00,long,0.79254,target,2016-06-13T07:00:00,0.79331,15,-536
2016-06-16T21:00:00,short,0.79110,target,2016-06-17T02:00:00,0.78880,46,-490
2016-06-23T02:00:00,short,0.76593,target,2016-06-23T04:00:00,0.76467,25,-465
2016-06-29T23:00:00,short,0.82855,target,2016-06-30T10:00:00,0.82517,68,-397
2016-07-07T14:00:00,short,0.85118,stopped,2016-07-07T16:00:00,0.85334,-43,-440
2016-07-11T18:00:00,short,0.85066,stopped,2016-07-11T20:00:00,0.85292,-45,-485
2016-07-19T06:00:00,long,0.83739,target,2016-07-19T07:00:00,0.83835,19,-466
2016-07-20T13:00:00,short,0.83609,target,2016-07-20T22:00:00,0.83386,44,-422
2016-07-22T11:00:00,short,0.83671,stopped,2016-07-28T12:00:00,0.84353,-136,-558
2016-08-02T11:00:00,long,0.84639,stopped,2016-08-02T15:00:00,0.84361,-56,-614
2016-08-04T13:00:00,short,0.83911,stopped,2016-08-04T14:00:00,0.84390,-96,-710
